address,name,online_order,book_table,rate,votes,location,rest_type,dish_liked,cuisines,listed_in(type),listed_in(city),rate_cat,avg_cost_log,Votes_per_Rating,High_Cost,Online_Order,Book_Table
4795,3921,1,0,3.9,179.0,0,78,4139,2307,2,0,2,3.6109179126442243,45.8974358974359,0,,
2492,485,1,0,2.8,165.0,3,78,266,1667,4,12,1,3.9512437185814275,58.92857142857143,1,,
5689,1393,0,0,3.8,23.0,22,78,266,1823,2,10,2,3.7612001156935624,6.052631578947369,0,,
2044,5698,0,0,3.5,8.0,83,78,266,1898,2,21,1,3.5263605246161616,2.2857142857142856,0,,
11155,1835,1,0,3.5,43.0,83,14,266,367,2,5,1,2.995732273553991,12.285714285714286,0,,
6760,1282,0,0,3.2,6.0,2,59,266,2628,3,14,1,3.5263605246161616,1.875,0,,
6807,1967,1,0,3.9,91.0,32,19,2946,711,1,12,2,3.7612001156935624,23.333333333333332,0,,
3622,3740,0,0,3.7,43.0,0,78,266,865,4,12,2,3.7612001156935624,11.621621621621621,0,,
5185,5806,1,0,3.8,75.0,44,27,3675,1103,4,17,2,4.174387269895637,19.736842105263158,1,,
9717,268,1,0,3.5,17.0,0,78,266,1898,4,0,1,3.7612001156935624,4.857142857142857,0,,
1305,4214,0,0,3.7,73.0,71,78,266,2463,4,5,2,3.6109179126442243,19.72972972972973,0,,
8135,4295,0,0,3.7,73.0,20,0,266,271,3,9,2,3.8066624897703196,19.72972972972973,0,,
3945,12,0,1,4.2,451.5,44,73,1497,850,5,16,2,2.0794415416798357,107.5,0,,
1310,1327,1,1,4.2,451.5,45,19,3633,587,2,0,2,4.110873864173311,107.5,1,,
10460,584,1,0,3.4,11.0,45,78,266,1718,2,20,1,3.7612001156935624,3.235294117647059,0,,
10433,1970,1,0,3.9,49.0,44,78,4597,2514,2,17,2,3.9318256327243257,12.564102564102564,1,,
7826,3582,1,0,2.9,345.0,0,92,266,1875,2,2,1,3.9512437185814275,118.96551724137932,1,,
5310,5479,0,0,3.7,73.0,82,78,266,1898,4,11,2,2.995732273553991,19.72972972972973,0,,
5053,8088,0,1,4.2,337.0,51,28,464,2148,0,20,2,0.0,80.23809523809524,0,,
3672,2831,1,0,3.2,4.0,37,41,266,1499,2,5,1,3.5263605246161616,1.25,0,,
8568,4511,0,0,3.7,73.0,3,27,266,2539,4,12,2,4.110873864173311,19.72972972972973,1,,
4982,1774,0,0,3.7,73.0,51,40,266,1194,2,20,2,4.02535169073515,19.72972972972973,1,,
7285,4277,0,1,3.6,451.5,32,27,226,1104,2,3,2,4.204692619390966,125.41666666666666,1,,
9609,4885,0,1,3.9,36.0,8,27,266,1114,4,21,2,2.302585092994046,9.230769230769232,0,,
9697,6828,0,0,3.9,135.0,81,27,3961,1540,2,27,2,4.204692619390966,34.61538461538461,1,,
10784,6633,1,0,3.0,30.0,0,92,266,505,2,0,1,3.9318256327243257,10.0,1,,
5496,1194,0,0,3.2,4.0,0,78,266,1256,2,16,1,3.7612001156935624,1.25,0,,
8041,6676,0,0,3.4,9.0,89,78,266,816,4,6,1,3.9318256327243257,2.6470588235294117,1,,
743,3947,0,0,3.6,14.0,79,78,266,2463,2,9,2,3.6109179126442243,3.888888888888889,0,,
9330,880,0,0,4.3,451.5,51,2,1659,2383,1,21,2,2.0794415416798357,105.0,0,,
3262,4290,1,0,4.1,451.5,44,78,2164,1563,4,18,2,4.110873864173311,110.1219512195122,1,,
1433,8739,1,0,3.7,73.0,0,14,266,1266,1,18,2,3.5263605246161616,19.72972972972973,0,,
2688,7796,1,0,3.7,73.0,18,39,266,260,2,18,2,3.9512437185814275,19.72972972972973,1,,
1646,2962,1,1,4.2,451.5,70,29,4052,1571,4,7,2,4.204692619390966,107.5,1,,
713,6398,0,0,3.7,73.0,56,78,266,1256,2,23,2,3.5263605246161616,19.72972972972973,0,,
3374,8407,1,0,3.3,5.0,18,78,266,865,2,18,1,2.772588722239781,1.5151515151515151,0,,
6056,4540,1,0,3.1,9.0,46,78,266,1865,2,19,1,4.110873864173311,2.903225806451613,1,,
1824,2929,0,0,3.4,7.0,22,78,266,1922,2,17,1,3.9318256327243257,2.058823529411765,1,,
11405,2756,1,0,4.1,46.0,4,14,438,352,2,20,2,3.9318256327243257,11.219512195121952,1,,
1973,8336,0,0,3.7,46.0,41,78,2041,2555,4,10,2,3.7612001156935624,12.432432432432432,0,,
3147,1106,0,0,3.3,7.0,18,78,266,908,4,18,1,3.6109179126442243,2.121212121212121,0,,
1555,811,0,0,3.5,66.0,45,19,1633,579,1,18,1,3.7612001156935624,18.857142857142858,0,,
8733,2326,1,0,3.3,7.0,46,78,266,2463,2,0,1,2.995732273553991,2.121212121212121,0,,
3386,6950,1,1,4.4,451.5,51,30,3325,2313,2,20,2,1.791759469228055,102.61363636363636,0,,
2478,1087,0,0,3.5,13.0,37,27,266,1058,4,15,1,4.02535169073515,3.7142857142857144,1,,
5085,8097,1,0,3.7,16.0,60,78,266,2087,4,24,2,3.7612001156935624,4.324324324324324,0,,
10926,464,1,0,3.2,5.0,76,78,266,55,2,10,1,3.6109179126442243,1.5625,0,,
10901,4607,1,0,3.6,45.0,41,27,266,1630,4,16,2,4.1588830833596715,12.5,1,,
638,6717,1,1,4.2,451.5,22,63,3414,1403,2,0,2,2.302585092994046,107.5,0,,
4678,3054,0,0,3.7,73.0,22,10,1431,2258,5,10,2,1.3862943611198906,19.72972972972973,0,,
4895,1303,0,0,3.8,69.0,3,20,1655,601,4,17,2,4.1588830833596715,18.157894736842106,1,,
5099,4912,1,0,3.7,73.0,22,78,266,1776,2,17,2,3.7612001156935624,19.72972972972973,0,,
11039,1012,1,0,3.7,73.0,89,78,266,483,4,6,2,3.7612001156935624,19.72972972972973,0,,
3681,6362,0,0,3.7,73.0,89,78,266,114,4,6,2,3.7612001156935624,19.72972972972973,0,,
6466,1678,1,0,3.9,267.0,60,78,2065,2463,2,24,2,3.5263605246161616,68.46153846153847,0,,
9881,8653,0,0,3.7,73.0,89,78,266,1823,4,6,2,3.5263605246161616,19.72972972972973,0,,
9465,6072,0,0,3.7,73.0,7,78,266,2225,2,17,2,3.5263605246161616,19.72972972972973,0,,
5901,7475,0,0,3.9,93.0,1,19,951,736,4,1,2,3.7612001156935624,23.846153846153847,0,,
3856,8241,1,1,4.5,451.5,47,27,3932,1570,2,17,2,2.302585092994046,100.33333333333333,0,,
5710,6081,1,1,3.9,451.5,29,27,4971,1823,2,0,2,4.23410650459726,115.76923076923077,1,,
620,127,0,0,3.7,73.0,49,78,266,2225,4,27,2,3.9318256327243257,19.72972972972973,1,,
5940,5488,1,0,3.8,215.0,46,27,1977,1740,2,19,2,4.1588830833596715,56.578947368421055,1,,
5838,6700,1,0,3.7,78.0,83,78,266,121,2,11,2,3.7612001156935624,21.08108108108108,0,,
680,5284,1,0,3.3,48.0,0,78,266,1898,2,0,1,3.7612001156935624,14.545454545454547,0,,
2600,4798,0,0,4.0,115.0,0,27,627,1187,2,19,2,0.0,28.75,0,,
10072,8477,1,0,3.9,47.0,4,78,266,2463,2,1,2,3.5263605246161616,12.051282051282051,0,,
270,1095,1,0,3.7,171.0,3,19,1612,579,1,2,2,3.7612001156935624,46.21621621621621,0,,
1624,3004,1,0,3.1,330.0,16,27,3554,1898,4,11,1,4.02535169073515,106.45161290322581,1,,
10573,3635,0,0,3.1,19.0,19,27,266,1127,4,8,1,2.3978952727983707,6.129032258064516,0,,
4441,3675,0,0,3.7,73.0,9,65,266,105,2,6,2,3.7612001156935624,19.72972972972973,0,,
11276,6985,0,0,3.1,123.0,51,28,430,2049,6,7,1,1.3862943611198906,39.67741935483871,0,,
9241,5590,0,0,3.7,73.0,8,92,266,1196,2,20,2,3.7612001156935624,19.72972972972973,0,,
3318,6905,1,0,4.2,451.5,1,19,5212,767,2,1,2,4.04305126783455,107.5,1,,
7658,7997,1,0,3.7,89.0,20,78,1026,1808,2,5,2,3.9318256327243257,24.054054054054053,1,,
1342,8424,0,0,3.7,73.0,44,0,266,260,3,17,2,3.7612001156935624,19.72972972972973,0,,
6766,3964,1,0,3.9,56.0,27,0,3601,260,2,11,2,4.02535169073515,14.35897435897436,1,,
6739,7788,1,0,3.7,73.0,45,78,266,1389,2,16,2,3.5263605246161616,19.72972972972973,0,,
2020,6415,0,0,3.7,73.0,79,78,266,1865,4,7,2,3.5263605246161616,19.72972972972973,0,,
5875,7319,1,0,4.4,451.5,27,40,5018,1513,2,21,2,4.04305126783455,102.61363636363636,1,,
7581,6636,1,0,4.0,242.0,27,27,818,1653,2,21,2,4.02535169073515,60.5,1,,
10499,6724,0,0,3.7,73.0,16,78,266,2598,4,11,2,3.6109179126442243,19.72972972972973,0,,
3856,8241,1,1,4.5,451.5,47,27,3932,1570,2,18,2,2.302585092994046,100.33333333333333,0,,
880,3427,1,0,3.4,17.0,0,39,266,483,2,18,1,4.110873864173311,5.0,1,,
5701,6918,1,0,3.7,73.0,89,39,266,366,2,29,2,3.5263605246161616,19.72972972972973,0,,
10059,1670,1,0,3.5,15.0,0,92,266,1083,2,13,1,3.5263605246161616,4.285714285714286,0,,
289,2821,0,0,3.2,4.0,4,78,266,2314,4,3,1,3.9318256327243257,1.25,1,,
1329,6803,1,0,3.7,17.0,32,78,266,1266,2,12,2,3.5263605246161616,4.594594594594595,0,,
3300,6812,1,0,3.5,18.0,41,78,266,1898,2,19,1,3.5263605246161616,5.142857142857143,0,,
8158,6875,0,0,3.7,73.0,41,78,266,1823,2,16,2,4.110873864173311,19.72972972972973,1,,
411,7976,1,0,3.7,73.0,0,14,266,362,2,0,2,3.9318256327243257,19.72972972972973,1,,
5851,1013,1,0,3.9,451.5,89,27,3999,498,2,6,2,4.204692619390966,115.76923076923077,1,,
9319,4294,1,0,2.9,228.0,33,82,3560,2296,4,25,1,3.6109179126442243,78.62068965517241,0,,
8634,33,0,1,3.7,451.5,29,27,849,2225,4,13,2,4.204692619390966,122.02702702702702,1,,
3668,6527,1,0,3.7,73.0,56,88,266,1760,2,6,2,3.5263605246161616,19.72972972972973,0,,
4182,8325,1,0,3.9,57.0,1,78,266,2576,2,3,2,3.5263605246161616,14.615384615384615,0,,
1284,1302,1,0,3.8,62.0,0,78,266,1335,4,18,2,3.7612001156935624,16.315789473684212,0,,
687,8175,0,1,3.5,54.0,29,10,266,1086,4,12,1,1.791759469228055,15.428571428571429,0,,
5247,354,0,0,3.4,7.0,0,27,266,819,2,0,1,4.04305126783455,2.058823529411765,1,,
3530,3484,1,0,3.2,145.0,89,27,2404,1922,2,29,1,4.110873864173311,45.3125,1,,
537,3967,1,0,4.1,451.5,45,27,3122,168,4,17,2,4.174387269895637,110.1219512195122,1,,
8553,4587,1,1,4.1,451.5,70,27,4652,2445,2,7,2,2.0794415416798357,110.1219512195122,0,,
1410,3470,1,0,3.7,73.0,45,92,266,1970,2,16,2,3.7612001156935624,19.72972972972973,0,,
835,5476,1,0,3.4,16.0,0,78,266,405,2,17,1,4.110873864173311,4.705882352941177,1,,
4522,4407,0,0,3.3,4.0,2,27,266,989,4,14,1,3.8066624897703196,1.2121212121212122,0,,
1050,2272,1,0,3.0,4.0,22,92,266,1898,2,10,1,3.5263605246161616,1.3333333333333333,0,,
6607,4049,0,0,3.7,39.0,5,16,266,354,3,26,2,3.9318256327243257,10.54054054054054,1,,
8643,2035,0,0,3.7,73.0,70,19,266,2206,1,20,2,3.5263605246161616,19.72972972972973,0,,
9847,2948,1,0,3.3,4.0,4,78,266,2359,2,1,1,2.772588722239781,1.2121212121212122,0,,
3350,2223,1,0,3.5,177.0,0,78,2119,331,2,2,1,4.02535169073515,50.57142857142857,1,,
4926,8402,0,0,3.7,73.0,19,53,266,2041,4,8,2,3.7612001156935624,19.72972972972973,0,,
1705,6880,1,0,3.7,73.0,48,40,266,1194,2,17,2,3.5263605246161616,19.72972972972973,0,,
8017,5783,0,0,4.2,256.0,1,27,3670,1559,2,13,2,4.204692619390966,60.95238095238095,1,,
1431,1857,0,0,3.7,73.0,90,78,266,2010,4,13,2,3.9512437185814275,19.72972972972973,1,,
6078,1477,1,0,4.1,232.0,29,0,470,271,3,12,2,4.02535169073515,56.585365853658544,1,,
11147,5549,1,1,4.4,451.5,29,29,988,2324,1,13,2,4.110873864173311,102.61363636363636,1,,
7182,3019,0,1,4.1,451.5,89,28,2924,2113,5,29,2,0.0,110.1219512195122,0,,
1665,6040,1,0,4.3,267.0,33,39,3536,1347,2,25,2,3.9318256327243257,62.093023255813954,1,,
1793,2964,1,0,3.9,451.5,22,27,236,1530,2,17,2,0.0,115.76923076923077,0,,
5211,5614,1,0,4.0,25.0,29,14,266,356,2,12,2,3.5263605246161616,6.25,0,,
1869,1771,0,0,3.7,73.0,0,0,266,260,3,17,2,3.7612001156935624,19.72972972972973,0,,
8637,4046,1,0,3.7,73.0,15,39,266,2682,2,27,2,3.5263605246161616,19.72972972972973,0,,
5802,6289,0,0,3.7,73.0,79,78,266,1823,4,21,2,2.772588722239781,19.72972972972973,0,,
6077,1200,1,0,2.9,62.0,32,81,1628,869,2,17,1,4.127134385045092,21.379310344827587,1,,
4500,250,1,0,3.7,73.0,41,28,266,2240,2,18,2,4.110873864173311,19.72972972972973,1,,
9235,5707,1,1,3.8,203.0,71,27,4854,1989,4,20,2,1.3862943611198906,53.42105263157895,0,,
61,835,1,1,4.1,451.5,45,27,772,1823,4,18,2,4.110873864173311,110.1219512195122,1,,
5506,5175,0,0,3.3,4.0,48,78,266,74,4,17,1,3.8066624897703196,1.2121212121212122,0,,
3843,8460,1,0,4.1,198.0,36,27,3736,1516,4,14,2,4.110873864173311,48.29268292682927,1,,
10801,4554,0,0,3.4,13.0,19,78,266,486,2,8,1,3.9512437185814275,3.823529411764706,1,,
2602,7577,0,0,3.7,73.0,60,78,266,2545,2,24,2,3.5263605246161616,19.72972972972973,0,,
9624,6554,0,0,3.7,73.0,56,39,266,343,2,23,2,2.995732273553991,19.72972972972973,0,,
4468,145,0,1,4.4,451.5,56,76,1562,1138,5,23,2,2.302585092994046,102.61363636363636,0,,
9841,2282,1,0,3.8,451.5,56,39,1208,2234,2,6,2,3.9512437185814275,118.81578947368422,1,,
1800,297,1,0,3.7,73.0,0,78,266,144,2,13,2,3.9318256327243257,19.72972972972973,1,,
5975,6911,1,0,4.6,451.5,51,27,1472,1247,4,20,2,2.3978952727983707,98.15217391304348,0,,
10515,7066,0,0,3.1,9.0,3,53,266,1510,3,13,1,3.6109179126442243,2.903225806451613,0,,
652,6756,0,0,3.7,73.0,27,14,266,1582,2,11,2,4.189654742026425,19.72972972972973,1,,
2896,8163,1,0,3.3,4.0,29,78,266,907,2,0,1,3.7612001156935624,1.2121212121212122,0,,
3462,818,0,0,4.0,53.0,4,78,1669,2463,4,3,2,3.7612001156935624,13.25,0,,
1030,1883,1,0,4.3,451.5,89,40,1328,1498,3,29,2,3.9318256327243257,105.0,1,,
1177,1157,1,0,3.7,73.0,29,78,266,343,2,2,2,3.6109179126442243,19.72972972972973,0,,
6163,2577,1,0,3.4,9.0,6,78,266,1279,4,4,1,3.5263605246161616,2.6470588235294117,0,,
6191,2204,1,1,3.8,362.0,32,27,2325,496,3,12,2,4.110873864173311,95.26315789473685,1,,
1284,1302,1,0,3.8,61.0,0,78,266,1335,4,0,2,3.7612001156935624,16.05263157894737,0,,
702,827,1,0,3.7,24.0,8,40,266,1498,4,20,2,3.6109179126442243,6.486486486486486,0,,
10089,570,1,0,3.7,73.0,6,40,266,1498,2,4,2,3.7612001156935624,19.72972972972973,0,,
5272,4600,1,1,4.2,451.5,0,27,3471,1658,2,17,2,4.204692619390966,107.5,1,,
11043,4045,1,0,3.5,15.0,47,78,266,1465,2,0,1,4.02535169073515,4.285714285714286,1,,
8664,320,1,0,4.4,107.0,40,39,4104,1870,2,17,2,3.9318256327243257,24.318181818181817,1,,
5192,3788,0,0,3.7,73.0,67,0,266,260,2,26,2,3.9318256327243257,19.72972972972973,1,,
8884,901,0,0,3.6,27.0,89,8,266,1009,4,29,2,2.302585092994046,7.5,0,,
9454,7334,0,0,3.3,4.0,46,39,266,2398,2,18,1,3.9318256327243257,1.2121212121212122,1,,
164,5758,1,0,2.8,110.0,78,27,5010,1001,2,19,1,4.02535169073515,39.285714285714285,1,,
6929,6614,0,0,3.8,451.5,3,27,381,2252,2,0,2,3.7612001156935624,118.81578947368422,0,,
6221,5036,1,1,3.7,73.0,1,27,266,1031,2,4,2,4.02535169073515,19.72972972972973,1,,
3733,412,0,0,2.7,231.0,27,78,4676,483,2,11,1,3.8066624897703196,85.55555555555554,0,,
5469,1812,1,0,4.3,451.5,12,60,3378,44,2,7,2,2.302585092994046,105.0,0,,
7869,431,0,0,3.4,5.0,0,78,266,1619,2,13,1,3.7612001156935624,1.4705882352941178,0,,
5224,3557,1,0,2.9,238.0,79,27,386,1929,4,9,1,4.204692619390966,82.06896551724138,1,,
8607,2562,0,1,3.9,39.0,15,49,266,2416,4,9,2,3.4339872044851463,10.0,0,,
10509,7883,1,0,4.1,43.0,16,41,975,1196,2,18,2,3.9318256327243257,10.487804878048781,1,,
9339,2914,0,0,3.4,7.0,70,78,266,2479,4,5,1,4.02535169073515,2.058823529411765,1,,
186,4985,1,1,4.5,451.5,0,19,886,658,4,19,2,4.23410650459726,100.33333333333333,1,,
1460,2490,1,0,3.9,252.0,70,78,4326,1881,4,7,2,4.02535169073515,64.61538461538461,1,,
111,3221,0,0,3.7,73.0,29,78,266,461,4,12,2,3.9318256327243257,19.72972972972973,1,,
5878,3542,0,0,4.3,183.0,12,40,5193,1219,3,5,2,3.9318256327243257,42.55813953488372,1,,
1131,4789,1,0,4.4,451.5,45,27,1057,520,2,16,2,4.110873864173311,102.61363636363636,1,,
4392,2348,1,0,3.8,231.0,41,19,1979,658,2,10,2,4.110873864173311,60.78947368421053,1,,
10101,8061,1,0,3.8,43.0,73,19,266,707,2,24,2,4.110873864173311,11.31578947368421,1,,
9454,861,0,0,3.7,73.0,46,39,266,1438,2,19,2,3.7612001156935624,19.72972972972973,0,,
9777,6171,0,0,3.7,73.0,0,80,266,2654,4,18,2,3.5263605246161616,19.72972972972973,0,,
3529,1427,1,0,4.0,84.0,27,19,650,1296,2,11,2,3.9512437185814275,21.0,1,,
4052,154,1,0,3.6,22.0,20,39,266,1256,2,9,2,3.8066624897703196,6.111111111111111,0,,
5821,1573,1,0,3.9,25.0,19,17,266,2683,2,8,2,3.6109179126442243,6.410256410256411,0,,
5072,972,1,0,3.7,73.0,22,92,266,304,2,10,2,3.9318256327243257,19.72972972972973,1,,
2416,6601,1,0,3.3,7.0,67,46,266,1231,2,26,1,3.5263605246161616,2.121212121212121,0,,
4081,1732,0,0,3.9,378.0,70,8,2839,1953,5,7,2,0.0,96.92307692307692,0,,
11295,1363,0,0,3.8,23.0,28,27,266,2240,0,21,2,4.204692619390966,6.052631578947369,1,,
1871,35,1,0,3.7,21.0,0,78,266,2561,2,0,2,4.02535169073515,5.675675675675675,1,,
885,8701,0,0,3.7,73.0,44,39,266,816,2,16,2,3.5263605246161616,19.72972972972973,0,,
5002,7746,0,0,3.8,32.0,71,78,266,523,4,20,2,3.8066624897703196,8.421052631578947,0,,
4425,8455,0,0,3.6,41.0,29,35,266,2552,3,12,2,3.9318256327243257,11.38888888888889,1,,
8161,7335,1,0,3.3,10.0,41,78,266,1898,2,17,1,3.7612001156935624,3.0303030303030303,0,,
9494,6422,1,0,3.4,161.0,33,78,2440,2561,2,25,1,3.8066624897703196,47.35294117647059,0,,
10065,2722,1,0,3.3,25.0,3,27,266,1898,4,13,1,4.110873864173311,7.575757575757576,1,,
7106,2590,1,0,3.8,254.0,0,27,4749,816,4,13,2,4.110873864173311,66.8421052631579,1,,
7358,5342,1,0,3.1,4.0,35,78,266,1898,2,23,1,3.8066624897703196,1.2903225806451613,0,,
1533,2612,1,0,3.0,89.0,67,78,266,1382,4,26,1,3.5263605246161616,29.666666666666668,0,,
9651,4969,1,0,3.7,73.0,56,53,266,1582,2,6,2,2.772588722239781,19.72972972972973,0,,
3615,1205,0,0,3.7,73.0,8,78,266,876,2,5,2,3.9318256327243257,19.72972972972973,1,,
1727,3936,1,0,2.6,72.0,4,78,803,2561,2,13,1,3.7612001156935624,27.69230769230769,0,,
6010,8285,1,0,3.5,22.0,36,78,266,1898,2,14,1,4.110873864173311,6.285714285714286,1,,
683,4460,1,0,3.7,21.0,41,39,266,1796,2,17,2,3.7612001156935624,5.675675675675675,0,,
5442,4592,1,0,4.0,451.5,32,78,1747,2263,2,13,2,3.5263605246161616,112.875,0,,
1394,1335,1,0,3.8,22.0,45,19,266,653,4,0,2,4.110873864173311,5.7894736842105265,1,,
3311,3089,1,1,4.0,451.5,1,27,2323,1898,2,3,2,4.204692619390966,112.875,1,,
413,1836,1,0,3.8,11.0,0,14,266,373,2,17,2,2.995732273553991,2.8947368421052633,0,,
4549,2534,0,0,3.7,73.0,24,78,266,1256,2,9,2,3.7612001156935624,19.72972972972973,0,,
5649,5357,1,0,3.8,39.0,56,78,266,944,2,6,2,3.7612001156935624,10.263157894736842,0,,
5273,914,0,0,3.8,36.0,56,28,266,115,2,23,2,1.0986122886681096,9.473684210526317,0,,
8622,7338,1,1,4.2,451.5,32,27,5087,2207,2,19,2,0.0,107.5,0,,
5491,5351,1,0,3.7,36.0,22,78,266,2576,4,10,2,3.6109179126442243,9.72972972972973,0,,
7770,4355,1,0,3.4,12.0,86,78,266,2154,2,20,1,4.127134385045092,3.5294117647058822,1,,
11296,7999,1,0,4.1,121.0,22,78,2812,2539,2,16,2,3.5263605246161616,29.512195121951223,0,,
9513,2888,0,1,3.9,371.0,32,27,4452,2055,4,13,2,0.0,95.12820512820512,0,,
2375,5778,1,1,4.0,451.5,60,29,3686,1077,2,22,2,0.0,112.875,0,,
11260,2401,1,0,2.9,22.0,29,39,266,1898,2,2,1,3.9318256327243257,7.586206896551724,1,,
5292,4738,0,0,3.7,73.0,89,27,266,2496,2,29,2,3.7612001156935624,19.72972972972973,0,,
8939,7804,1,0,3.7,73.0,14,43,266,1206,4,27,2,4.110873864173311,19.72972972972973,1,,
2477,361,0,1,4.1,93.0,70,73,1581,1059,5,7,2,0.0,22.682926829268293,0,,
6040,4080,1,0,4.0,451.5,18,39,680,542,2,5,2,3.8066624897703196,112.875,0,,
1105,8271,1,0,3.0,58.0,19,78,266,875,2,8,1,3.5263605246161616,19.333333333333332,0,,
6341,2119,1,1,4.4,451.5,3,73,2179,2107,5,12,2,4.23410650459726,102.61363636363636,1,,
8815,1767,0,0,3.7,73.0,0,39,266,1194,2,0,2,3.5263605246161616,19.72972972972973,0,,
568,5025,1,0,3.6,163.0,43,27,1005,1898,2,0,2,4.02535169073515,45.27777777777778,1,,
8664,3777,1,0,3.5,5.0,80,39,266,539,2,16,1,4.174387269895637,1.4285714285714286,1,,
8855,5790,1,0,3.6,55.0,19,53,286,2093,2,8,2,3.9318256327243257,15.277777777777777,1,,
1971,233,1,0,3.7,73.0,0,78,266,1256,2,13,2,3.6109179126442243,19.72972972972973,0,,
332,6940,0,0,3.7,73.0,22,78,266,2207,2,10,2,3.7612001156935624,19.72972972972973,0,,
7655,2594,1,0,3.7,59.0,60,78,4639,1644,4,24,2,4.02535169073515,15.945945945945946,1,,
9122,706,1,1,4.0,451.5,56,27,1016,60,2,4,2,4.174387269895637,112.875,1,,
2443,4659,1,0,3.8,244.0,32,27,3201,1712,2,13,2,4.127134385045092,64.21052631578948,1,,
7547,2450,0,1,4.4,451.5,44,19,3892,669,4,0,2,4.204692619390966,102.61363636363636,1,,
9555,2831,1,0,2.9,17.0,83,40,266,1492,3,7,1,3.5263605246161616,5.862068965517242,0,,
8129,8622,1,0,3.7,73.0,41,78,266,981,2,19,2,3.7612001156935624,19.72972972972973,0,,
5683,2307,0,0,3.8,164.0,2,78,3782,403,4,15,2,3.7612001156935624,43.15789473684211,0,,
4736,1551,1,0,3.8,133.0,4,78,1817,2647,2,1,2,3.5263605246161616,35.0,0,,
961,2942,0,0,3.9,51.0,76,92,1012,465,2,28,2,3.9318256327243257,13.076923076923077,1,,
6801,3580,0,0,3.3,7.0,22,27,266,1898,2,10,1,3.9512437185814275,2.121212121212121,1,,
3623,227,0,0,3.6,13.0,0,14,266,356,4,2,2,3.5263605246161616,3.611111111111111,0,,
5311,6628,1,1,3.7,73.0,22,27,266,2286,2,10,2,4.1588830833596715,19.72972972972973,1,,
4841,419,0,0,3.4,24.0,29,53,266,2198,4,0,1,4.110873864173311,7.0588235294117645,1,,
11205,4207,0,0,2.9,451.5,9,27,263,67,4,6,1,4.127134385045092,155.6896551724138,1,,
550,4530,1,0,3.8,20.0,29,78,266,316,2,2,2,3.9318256327243257,5.2631578947368425,1,,
7185,7939,1,0,3.5,13.0,8,27,266,1125,2,11,1,4.110873864173311,3.7142857142857144,1,,
10981,2692,1,0,3.7,73.0,44,78,266,1256,2,17,2,3.7612001156935624,19.72972972972973,0,,
11203,6592,1,0,4.1,344.0,67,78,266,2225,2,26,2,3.8066624897703196,83.90243902439025,0,,
893,589,1,0,4.3,286.0,22,78,5077,2463,2,17,2,2.995732273553991,66.51162790697674,0,,
4040,4714,0,0,3.2,4.0,6,92,266,506,2,28,1,4.02535169073515,1.25,1,,
2702,7303,0,0,2.7,77.0,52,78,486,1953,2,27,1,4.02535169073515,28.518518518518515,1,,
1129,5817,1,0,3.7,399.0,62,27,3672,2330,4,25,2,4.174387269895637,107.83783783783784,1,,
5681,2376,1,0,3.8,22.0,36,78,266,2334,2,14,2,4.127134385045092,5.7894736842105265,1,,
6716,5166,0,0,4.3,384.0,76,40,2739,1498,3,4,2,2.995732273553991,89.30232558139535,0,,
1139,3711,0,0,3.1,21.0,45,78,266,2561,4,19,1,3.5263605246161616,6.774193548387097,0,,
3670,4490,1,0,3.7,95.0,2,78,4687,165,4,15,2,3.9318256327243257,25.675675675675674,1,,
6928,5933,0,0,3.6,31.0,34,78,266,1898,2,29,2,3.9318256327243257,8.61111111111111,1,,
6983,6346,0,0,3.7,73.0,67,78,266,523,4,22,2,3.7612001156935624,19.72972972972973,0,,
4619,4578,1,1,4.1,451.5,43,27,3294,983,2,0,2,4.23410650459726,110.1219512195122,1,,
6421,7359,0,0,3.8,54.0,54,78,3753,2239,4,20,2,3.8066624897703196,14.210526315789474,0,,
9739,105,0,0,3.7,73.0,76,78,266,907,2,28,2,4.02535169073515,19.72972972972973,1,,
8059,2978,1,0,3.6,16.0,29,92,266,1464,2,12,2,4.02535169073515,4.444444444444445,1,,
2454,8573,1,0,3.9,28.0,47,0,266,271,3,18,2,4.02535169073515,7.17948717948718,1,,
6992,88,1,0,4.5,346.0,45,43,3358,1206,1,19,2,3.7612001156935624,76.88888888888889,0,,
2462,836,1,0,3.7,40.0,0,78,266,1823,4,12,2,3.7612001156935624,10.81081081081081,0,,
4112,1796,1,0,3.9,451.5,27,78,3765,2093,4,25,2,3.7612001156935624,115.76923076923077,0,,
10882,142,1,0,3.3,8.0,0,92,266,907,2,10,1,3.6109179126442243,2.4242424242424243,0,,
4906,4471,1,0,3.7,73.0,0,39,266,2078,2,16,2,4.02535169073515,19.72972972972973,1,,
3224,1638,0,0,3.5,11.0,22,78,266,1898,4,10,1,2.995732273553991,3.142857142857143,0,,
2652,4795,0,0,3.7,96.0,12,78,4698,1256,2,21,2,4.02535169073515,25.945945945945944,1,,
1389,7856,0,0,3.7,34.0,89,28,266,2041,2,6,2,4.204692619390966,9.18918918918919,1,,
8427,4483,0,1,4.1,451.5,89,49,4155,1827,4,29,2,3.4011973816621555,110.1219512195122,0,,
5996,1195,1,1,4.1,451.5,32,69,1553,2060,2,1,2,2.302585092994046,110.1219512195122,0,,
3025,2551,1,0,3.8,53.0,67,39,1225,1742,2,26,2,4.110873864173311,13.947368421052632,1,,
689,5857,1,0,3.9,451.5,45,27,2952,895,2,17,2,4.174387269895637,115.76923076923077,1,,
11426,6460,1,0,3.7,73.0,41,78,266,128,4,18,2,3.7612001156935624,19.72972972972973,0,,
2403,6079,1,0,4.0,451.5,32,27,804,2576,4,13,2,4.110873864173311,112.875,1,,
5671,3935,0,0,3.6,60.0,79,27,3496,2225,4,7,2,3.9512437185814275,16.666666666666668,1,,
773,3036,0,0,3.7,73.0,89,78,266,1898,4,29,2,3.5263605246161616,19.72972972972973,0,,
900,4181,1,0,4.6,451.5,47,60,2717,43,5,19,2,2.302585092994046,98.15217391304348,0,,
170,19,0,1,4.3,451.5,28,28,1597,221,5,9,2,3.4011973816621555,105.0,0,,
3253,1772,1,0,4.1,184.0,51,40,1736,1194,2,20,2,4.04305126783455,44.87804878048781,1,,
3056,3864,1,0,3.9,206.0,81,27,4259,1953,2,21,2,4.02535169073515,52.820512820512825,1,,
6795,8297,1,0,3.4,9.0,29,39,266,1848,2,12,1,3.9512437185814275,2.6470588235294117,1,,
4890,3491,1,0,3.7,73.0,1,78,266,1479,2,12,2,3.7612001156935624,19.72972972972973,0,,
5460,7514,0,0,3.4,7.0,78,27,266,1823,2,27,1,4.110873864173311,2.058823529411765,1,,
1434,530,1,0,4.0,25.0,55,40,266,1498,2,22,2,3.5263605246161616,6.25,0,,
1560,8140,1,0,3.0,62.0,1,19,492,723,2,1,1,3.9318256327243257,20.666666666666668,1,,
6508,8456,1,0,3.7,37.0,36,85,266,1364,4,15,2,3.9318256327243257,10.0,1,,
2790,4423,0,0,4.0,102.0,71,27,1932,816,4,21,2,4.04305126783455,25.5,1,,
4986,3479,0,0,3.9,118.0,32,27,2543,1872,2,0,2,4.204692619390966,30.256410256410255,1,,
8129,8622,1,0,3.7,73.0,41,78,266,981,4,18,2,3.7612001156935624,19.72972972972973,0,,
1641,4278,1,1,4.4,451.5,76,69,4414,1410,4,28,2,2.302585092994046,102.61363636363636,0,,
3131,4238,1,1,3.8,451.5,22,27,1972,1661,2,0,2,4.110873864173311,118.81578947368422,1,,
6641,4184,1,0,4.3,451.5,46,78,4076,2646,2,18,2,3.9318256327243257,105.0,1,,
5394,2693,1,0,3.7,73.0,44,78,266,1898,2,19,2,3.9512437185814275,19.72972972972973,1,,
1432,437,0,0,3.2,4.0,90,78,266,2091,4,19,1,3.7612001156935624,1.25,0,,
11276,4730,0,1,4.4,184.0,51,28,4757,1574,4,20,2,2.639057329615259,41.81818181818181,0,,
11482,6339,0,0,3.2,4.0,19,27,266,2015,4,8,1,4.04305126783455,1.25,1,,
10138,4671,0,0,3.5,11.0,3,78,266,2492,4,12,1,2.995732273553991,3.142857142857143,0,,
6441,2931,1,0,3.4,8.0,1,79,266,2471,2,1,1,3.6109179126442243,2.3529411764705883,0,,
3376,7229,1,0,3.7,443.0,62,27,2061,2503,4,11,2,3.9318256327243257,119.72972972972973,1,,
8291,2938,0,0,3.7,73.0,19,78,266,488,4,8,2,3.5263605246161616,19.72972972972973,0,,
4397,1620,1,0,4.2,166.0,45,78,2254,1256,4,17,2,3.7612001156935624,39.523809523809526,0,,
93,1344,0,0,3.5,17.0,3,82,266,1315,2,2,1,4.110873864173311,4.857142857142857,1,,
1537,6943,0,0,3.7,73.0,2,78,266,1256,4,14,2,3.5263605246161616,19.72972972972973,0,,
4897,1016,1,0,3.5,304.0,22,92,1174,489,2,19,1,3.9318256327243257,86.85714285714286,1,,
8281,1931,0,0,3.7,73.0,29,19,266,579,4,12,2,4.110873864173311,19.72972972972973,1,,
10235,4771,1,0,3.9,36.0,56,27,903,1823,2,23,2,4.204692619390966,9.230769230769232,1,,
8,7721,0,0,3.3,9.0,70,19,266,579,2,20,1,3.9318256327243257,2.7272727272727275,1,,
9935,4026,0,0,3.7,73.0,19,78,266,1662,4,8,2,3.6109179126442243,19.72972972972973,0,,
1374,414,0,0,3.7,15.0,70,28,266,1937,4,5,2,3.2188758248682006,4.0540540540540535,0,,
11456,383,0,0,3.7,73.0,67,78,266,403,4,26,2,3.6109179126442243,19.72972972972973,0,,
4800,2756,1,0,3.7,19.0,28,14,266,354,3,5,2,3.9318256327243257,5.135135135135135,1,,
1744,7733,0,1,4.3,451.5,89,77,5231,1034,6,29,2,2.5649493574615367,105.0,0,,
1209,6980,1,0,4.0,287.0,67,78,5084,2463,2,26,2,2.995732273553991,71.75,0,,
9508,1135,0,0,3.7,73.0,83,40,266,1491,3,7,2,3.5263605246161616,19.72972972972973,0,,
11054,1657,1,0,2.7,6.0,85,92,266,1618,2,29,1,3.9318256327243257,2.222222222222222,1,,
2613,5588,0,0,3.7,73.0,0,39,266,260,2,17,2,3.5263605246161616,19.72972972972973,0,,
9633,2030,1,0,3.5,9.0,47,10,266,1421,2,13,1,4.1588830833596715,2.5714285714285716,1,,
6569,785,1,0,4.2,451.5,89,27,4726,964,2,6,2,1.0986122886681096,107.5,0,,
6319,2669,0,0,2.9,54.0,3,78,266,2088,4,2,1,4.02535169073515,18.620689655172413,1,,
4833,808,0,1,3.8,170.0,44,8,4065,2555,5,18,2,1.791759469228055,44.73684210526316,0,,
5033,4261,1,0,3.7,63.0,62,39,261,1898,2,11,2,3.7612001156935624,17.027027027027025,0,,
4258,372,0,0,3.5,17.0,43,78,266,420,4,18,1,3.6109179126442243,4.857142857142857,0,,
3401,8425,0,1,4.6,451.5,22,60,1507,853,4,10,2,1.3862943611198906,98.15217391304348,0,,
8132,6536,1,0,3.0,102.0,0,27,4923,2561,0,2,1,4.110873864173311,34.0,1,,
224,5225,0,0,3.7,73.0,27,78,266,403,2,11,2,2.995732273553991,19.72972972972973,0,,
6401,8693,0,0,3.6,7.0,8,78,266,1044,1,5,2,4.204692619390966,1.9444444444444444,1,,
1888,5625,1,0,2.8,55.0,86,78,2777,2612,2,22,1,3.9318256327243257,19.642857142857142,1,,
5689,1393,0,0,3.8,23.0,22,78,266,1823,2,18,2,3.7612001156935624,6.052631578947369,0,,
9512,978,0,1,4.6,451.5,62,77,205,20,0,25,2,2.639057329615259,98.15217391304348,0,,
1114,7463,1,0,3.8,23.0,26,39,266,271,2,6,2,4.02535169073515,6.052631578947369,1,,
185,7519,0,0,4.0,288.0,33,19,1759,579,4,25,2,4.02535169073515,72.0,1,,
2776,4748,0,0,4.0,104.0,13,27,1006,1898,2,3,2,4.127134385045092,26.0,1,,
3227,2790,1,0,3.7,73.0,0,78,266,57,2,18,2,3.8066624897703196,19.72972972972973,0,,
7245,7466,0,1,3.8,201.0,27,28,1277,1982,4,11,2,0.0,52.89473684210527,0,,
3857,8241,1,1,4.3,451.5,89,27,3946,1570,2,6,2,2.302585092994046,105.0,0,,
8105,3496,1,0,3.4,33.0,6,27,266,457,2,4,1,4.204692619390966,9.705882352941178,1,,
5211,5614,1,0,4.0,25.0,29,14,266,356,2,13,2,3.5263605246161616,6.25,0,,
7361,658,1,0,3.4,7.0,80,58,266,241,4,0,1,3.5263605246161616,2.058823529411765,0,,
9870,1594,0,0,3.5,11.0,48,78,266,1898,2,18,1,3.9318256327243257,3.142857142857143,1,,
3440,1062,1,0,3.5,9.0,0,78,266,2474,2,16,1,3.7612001156935624,2.5714285714285716,0,,
6158,1111,1,0,3.9,146.0,6,27,4848,1874,4,4,2,4.127134385045092,37.43589743589744,1,,
7302,8640,1,0,3.6,19.0,76,39,266,1150,2,28,2,4.110873864173311,5.277777777777778,1,,
3023,4100,0,0,3.7,73.0,18,39,266,483,4,19,2,4.02535169073515,19.72972972972973,1,,
9570,2152,1,0,3.9,451.5,33,27,3281,987,4,25,2,4.02535169073515,115.76923076923077,1,,
1668,1670,1,0,3.8,37.0,41,78,266,1083,2,0,2,3.5263605246161616,9.736842105263158,0,,
8463,2653,1,0,3.2,4.0,55,78,266,979,4,26,1,3.6109179126442243,1.25,0,,
4154,3343,1,0,3.9,63.0,67,78,266,1823,4,26,2,3.8066624897703196,16.153846153846153,0,,
2760,6750,0,0,3.3,7.0,27,65,266,2463,4,11,1,3.5263605246161616,2.121212121212121,0,,
9847,2948,1,0,3.2,4.0,4,78,266,2359,4,13,1,2.772588722239781,1.25,0,,
6240,3449,1,0,3.1,7.0,48,39,266,2274,2,5,1,4.02535169073515,2.258064516129032,1,,
5713,4504,1,1,4.5,451.5,81,28,4785,218,4,27,2,2.5649493574615367,100.33333333333333,0,,
6715,527,1,0,3.6,18.0,76,78,266,1922,2,28,2,4.02535169073515,5.0,1,,
8240,2128,1,0,3.7,73.0,44,39,266,1823,2,19,2,4.02535169073515,19.72972972972973,1,,
9674,2336,0,1,4.1,451.5,29,19,2926,638,1,13,2,4.204692619390966,110.1219512195122,1,,
6054,1103,0,1,3.9,451.5,27,73,4768,844,4,25,2,1.3862943611198906,115.76923076923077,0,,
5996,1195,1,1,4.1,451.5,32,69,1553,2060,5,3,2,2.302585092994046,110.1219512195122,0,,
11471,8178,0,0,4.1,215.0,20,6,4001,281,3,21,2,3.5263605246161616,52.43902439024391,0,,
8886,693,0,0,3.6,14.0,89,39,266,1823,2,6,2,3.7612001156935624,3.888888888888889,0,,
1236,2632,0,0,3.6,44.0,0,78,3497,2030,2,18,2,3.9318256327243257,12.222222222222221,1,,
9185,4049,1,0,3.9,210.0,32,16,4996,1205,2,0,2,3.9318256327243257,53.84615384615385,1,,
5752,6657,1,0,3.7,73.0,89,78,266,1582,2,6,2,3.5263605246161616,19.72972972972973,0,,
6302,7877,0,0,3.4,10.0,36,3,266,275,2,15,1,3.9318256327243257,2.9411764705882355,1,,
11365,5974,0,0,2.6,30.0,55,78,4560,1443,4,22,1,4.02535169073515,11.538461538461538,1,,
4557,2579,0,0,3.7,73.0,71,92,266,2382,3,7,2,4.02535169073515,19.72972972972973,1,,
128,5771,1,0,4.0,328.0,1,19,3906,742,2,13,2,4.1588830833596715,82.0,1,,
11143,4506,0,0,3.7,73.0,22,92,266,1823,2,10,2,3.9318256327243257,19.72972972972973,1,,
2532,244,1,1,3.9,44.0,76,78,4941,403,4,28,2,4.02535169073515,11.282051282051283,1,,
10141,738,0,0,3.7,73.0,47,92,266,1194,2,19,2,4.04305126783455,19.72972972972973,1,,
9814,6334,1,0,3.7,24.0,6,17,266,371,2,10,2,3.6109179126442243,6.486486486486486,0,,
5316,3148,1,0,3.6,11.0,32,78,266,1389,3,12,2,3.5263605246161616,3.0555555555555554,0,,
10498,2174,1,0,3.3,4.0,56,78,266,2653,4,23,1,3.7612001156935624,1.2121212121212122,0,,
6191,2204,1,1,3.8,363.0,32,27,2325,496,2,13,2,4.110873864173311,95.52631578947368,1,,
8879,8772,1,1,3.8,91.0,15,27,4386,2234,0,5,2,2.639057329615259,23.947368421052634,0,,
10900,1075,0,0,3.7,73.0,16,78,266,483,2,11,2,3.5263605246161616,19.72972972972973,0,,
4601,7154,0,0,3.7,66.0,16,78,5081,2601,4,25,2,2.995732273553991,17.83783783783784,0,,
3448,5626,0,0,3.5,12.0,42,78,266,2463,2,17,1,3.5263605246161616,3.4285714285714284,0,,
2431,785,1,0,4.2,451.5,27,27,2667,964,2,21,2,1.0986122886681096,107.5,0,,
10769,2718,1,0,3.3,16.0,41,78,266,1540,2,0,1,3.9318256327243257,4.848484848484849,1,,
6486,3699,0,0,4.3,74.0,70,19,2875,761,1,27,2,3.9318256327243257,17.209302325581397,1,,
7430,8662,0,1,4.4,451.5,45,69,1434,1771,4,17,2,3.2188758248682006,102.61363636363636,0,,
4755,4032,0,0,3.7,73.0,18,65,266,1619,4,18,2,2.772588722239781,19.72972972972973,0,,
1095,3413,0,1,4.7,451.5,45,8,1478,1029,4,17,2,0.0,96.06382978723404,0,,
1583,6579,0,1,4.1,451.5,43,8,1266,1898,4,16,2,1.3862943611198906,110.1219512195122,0,,
2687,2947,1,1,3.9,295.0,32,19,639,623,1,13,2,4.127134385045092,75.64102564102565,1,,
3258,7091,0,0,3.7,73.0,45,65,266,55,2,0,2,3.7612001156935624,19.72972972972973,0,,
4131,1686,0,0,3.6,86.0,55,78,266,1256,2,26,2,3.9512437185814275,23.88888888888889,1,,
3856,2485,0,0,3.8,56.0,47,53,4598,2435,4,18,2,3.9318256327243257,14.73684210526316,1,,
3632,6062,1,0,2.6,310.0,78,27,3092,1808,4,20,1,4.1588830833596715,119.23076923076923,1,,
11301,532,0,1,4.0,196.0,52,61,1518,2141,5,27,2,3.6375861597263857,49.0,0,,
8607,3630,0,0,3.7,73.0,15,19,266,579,1,9,2,0.0,19.72972972972973,0,,
8001,3502,1,0,3.5,19.0,6,27,266,488,4,4,1,4.110873864173311,5.428571428571429,1,,
9073,1805,1,0,3.7,73.0,46,78,266,816,4,16,2,3.7612001156935624,19.72972972972973,0,,
4840,5790,1,0,4.0,143.0,89,27,330,2093,2,29,2,4.204692619390966,35.75,1,,
9545,6118,1,1,4.3,451.5,51,27,4944,2355,0,20,2,2.0794415416798357,105.0,0,,
5279,1174,0,0,3.7,73.0,4,78,266,2473,4,3,2,2.772588722239781,19.72972972972973,0,,
6182,7788,1,0,3.7,73.0,9,78,266,1389,2,23,2,3.5263605246161616,19.72972972972973,0,,
2781,7695,1,0,3.9,103.0,22,40,5163,1498,2,28,2,3.9512437185814275,26.410256410256412,1,,
7665,3162,1,0,3.6,9.0,89,81,266,1206,2,23,2,3.7612001156935624,2.5,0,,
4456,8693,1,1,3.6,104.0,37,19,716,1044,4,14,2,4.204692619390966,28.88888888888889,1,,
1680,923,1,0,3.6,16.0,47,39,266,1823,2,13,2,3.7612001156935624,4.444444444444445,0,,
5444,1747,0,0,3.7,73.0,0,78,266,816,4,16,2,3.7612001156935624,19.72972972972973,0,,
9434,291,1,0,3.9,52.0,89,92,266,487,2,29,2,3.9512437185814275,13.333333333333334,1,,
10147,6197,1,0,4.0,121.0,9,78,5151,2341,2,29,2,4.23410650459726,30.25,1,,
3886,1866,0,0,3.8,37.0,47,57,3528,1640,4,18,2,3.9318256327243257,9.736842105263158,1,,
3312,4082,0,0,3.5,52.0,1,78,4331,2463,2,13,1,3.7612001156935624,14.857142857142858,0,,
8704,4293,1,0,3.3,7.0,3,78,266,1635,2,2,1,3.7612001156935624,2.121212121212121,0,,
10280,828,1,1,3.8,345.0,56,27,122,410,4,23,2,4.204692619390966,90.78947368421053,1,,
3298,8225,1,0,3.7,73.0,0,78,266,2287,2,18,2,3.5263605246161616,19.72972972972973,0,,
9481,6254,1,0,3.8,61.0,33,78,1837,1823,2,7,2,3.9318256327243257,16.05263157894737,1,,
7825,350,0,0,3.7,73.0,19,27,266,102,2,8,2,4.110873864173311,19.72972972972973,1,,
5621,18,1,0,3.7,33.0,67,78,266,2628,2,26,2,3.5263605246161616,8.91891891891892,0,,
3064,2486,1,0,3.7,73.0,45,39,266,260,2,17,2,4.1588830833596715,19.72972972972973,1,,
10608,2852,1,1,4.4,232.0,52,10,3412,190,4,27,2,3.2188758248682006,52.72727272727272,0,,
7184,3115,1,0,3.8,21.0,4,40,266,1498,2,1,2,3.5263605246161616,5.526315789473684,0,,
4102,1058,0,0,3.7,73.0,16,78,266,403,4,25,2,3.7612001156935624,19.72972972972973,0,,
5416,7807,1,0,3.9,153.0,29,53,458,698,4,12,2,3.9318256327243257,39.23076923076923,1,,
5406,7391,0,0,3.5,21.0,78,0,266,260,3,7,1,3.5263605246161616,6.0,0,,
3856,8241,1,1,4.5,451.5,47,27,3932,1570,2,19,2,2.302585092994046,100.33333333333333,0,,
3256,3972,1,0,3.7,26.0,45,27,266,1715,4,16,2,4.110873864173311,7.027027027027026,1,,
1592,2039,0,0,3.7,73.0,45,78,266,1335,4,17,2,3.5263605246161616,19.72972972972973,0,,
8110,6779,1,0,3.6,18.0,41,88,266,1760,2,19,2,2.772588722239781,5.0,0,,
8203,4916,0,0,3.9,451.5,45,27,3308,895,4,16,2,4.110873864173311,115.76923076923077,1,,
11226,6716,1,0,4.1,398.0,15,27,810,857,4,20,2,4.110873864173311,97.07317073170732,1,,
9703,770,0,0,3.0,5.0,89,78,266,1760,4,29,1,4.02535169073515,1.6666666666666667,1,,
3266,2500,0,0,3.4,6.0,45,78,266,151,4,17,1,3.7612001156935624,1.7647058823529411,0,,
1567,8590,1,1,4.1,451.5,45,73,1482,1394,2,16,2,1.3862943611198906,110.1219512195122,0,,
3727,5737,1,0,3.7,73.0,47,92,266,2192,2,0,2,3.7612001156935624,19.72972972972973,0,,
6614,5570,0,0,3.4,5.0,56,40,266,1498,3,23,1,3.9318256327243257,1.4705882352941178,1,,
5040,2884,1,0,3.6,23.0,41,78,266,816,4,17,2,3.7612001156935624,6.388888888888888,0,,
3273,4724,1,0,4.0,397.0,67,78,3527,1823,2,26,2,3.9512437185814275,99.25,1,,
2145,99,1,0,4.1,305.0,49,27,3959,1516,2,1,2,4.1588830833596715,74.39024390243902,1,,
309,3395,1,1,4.4,451.5,71,27,84,1713,4,27,2,0.0,102.61363636363636,0,,
7809,5409,1,1,3.8,194.0,81,27,2124,473,2,7,2,4.204692619390966,51.05263157894737,1,,
1244,6321,1,0,3.8,451.5,32,27,5143,2221,2,3,2,4.23410650459726,118.81578947368422,1,,
5439,7316,0,0,4.3,295.0,44,19,3925,754,2,18,2,4.219507705176107,68.6046511627907,1,,
8870,2910,1,0,3.8,17.0,80,58,266,816,2,17,2,3.5263605246161616,4.473684210526316,0,,
8427,8607,0,0,3.9,58.0,89,2,1697,265,3,29,2,3.9318256327243257,14.871794871794872,1,,
5045,3091,0,1,4.5,451.5,81,28,537,5,6,7,2,3.4011973816621555,100.33333333333333,0,,
353,7768,1,0,3.7,44.0,39,19,266,645,2,15,2,4.02535169073515,11.891891891891891,1,,
5838,6700,1,0,3.7,82.0,83,78,266,121,2,20,2,3.7612001156935624,22.16216216216216,0,,
8481,2580,0,0,2.9,24.0,8,10,266,311,4,21,1,2.70805020110221,8.275862068965518,0,,
5825,7080,0,0,3.9,115.0,29,78,5079,2463,4,12,2,3.5263605246161616,29.48717948717949,0,,
11253,6353,1,0,3.1,68.0,56,78,266,445,4,23,1,3.9318256327243257,21.93548387096774,1,,
10695,3805,1,0,3.6,10.0,0,78,266,2401,4,13,2,2.772588722239781,2.7777777777777777,0,,
7129,521,1,0,3.1,35.0,6,27,266,1898,2,4,1,3.9318256327243257,11.29032258064516,1,,
10612,8016,1,0,3.4,12.0,36,39,266,2628,2,14,1,2.995732273553991,3.5294117647058822,0,,
8402,5247,0,0,3.7,73.0,7,78,266,1823,4,10,2,3.9318256327243257,19.72972972972973,1,,
338,5351,0,0,3.7,73.0,48,78,266,2561,4,16,2,3.6109179126442243,19.72972972972973,0,,
4383,433,0,0,3.5,13.0,18,78,266,2656,3,17,1,3.5263605246161616,3.7142857142857144,0,,
1527,5280,1,0,3.2,4.0,52,78,266,1898,2,5,1,3.9512437185814275,1.25,1,,
840,340,1,0,4.0,73.0,4,0,2696,294,2,3,2,3.7612001156935624,18.25,0,,
10028,6013,0,0,3.7,73.0,6,39,266,1865,2,28,2,4.02535169073515,19.72972972972973,1,,
10075,2200,1,0,3.5,13.0,78,78,266,1823,2,20,1,3.7612001156935624,3.7142857142857144,0,,
2533,2187,1,0,3.9,24.0,27,27,266,822,2,11,2,4.1588830833596715,6.153846153846154,1,,
6207,7867,0,0,4.0,30.0,8,19,266,579,3,27,2,3.9512437185814275,7.5,1,,
11081,7880,0,0,3.1,14.0,46,78,266,1599,4,16,1,3.5263605246161616,4.516129032258064,0,,
1183,3943,1,0,3.7,73.0,48,78,266,905,2,16,2,3.7612001156935624,19.72972972972973,0,,
7281,6947,1,1,4.3,343.0,44,78,265,1220,2,19,2,3.9512437185814275,79.76744186046513,1,,
2246,5187,0,0,3.7,73.0,6,78,266,420,2,4,2,3.9318256327243257,19.72972972972973,1,,
3836,2188,1,0,3.8,37.0,22,78,266,1823,2,16,2,3.9318256327243257,9.736842105263158,1,,
5180,1736,1,0,3.5,5.0,44,27,266,816,2,0,1,4.204692619390966,1.4285714285714286,1,,
11156,3806,1,0,3.8,110.0,83,78,4329,121,2,11,2,3.7612001156935624,28.947368421052634,0,,
6157,5763,0,1,4.0,171.0,0,8,1244,1391,5,19,2,1.0986122886681096,42.75,0,,
4463,4895,0,0,3.4,11.0,20,78,266,470,2,9,1,3.9318256327243257,3.235294117647059,1,,
1687,6674,1,0,4.1,248.0,76,27,3225,997,2,10,2,4.204692619390966,60.487804878048784,1,,
134,1723,0,0,3.2,4.0,29,78,266,55,4,12,1,3.9318256327243257,1.25,1,,
4613,203,1,0,4.0,332.0,29,78,3186,2561,2,3,2,3.7612001156935624,83.0,0,,
4928,6873,1,0,3.9,224.0,2,27,2966,993,2,15,2,4.110873864173311,57.43589743589744,1,,
4955,2677,1,0,3.7,130.0,19,78,3156,911,2,8,2,3.9318256327243257,35.13513513513514,1,,
6063,753,1,1,3.7,451.5,46,8,1274,1058,2,0,2,1.791759469228055,122.02702702702702,0,,
9708,2442,0,0,3.8,38.0,46,27,266,2285,0,18,2,4.23410650459726,10.0,1,,
7911,385,0,0,3.1,6.0,78,78,266,461,2,5,1,3.6109179126442243,1.9354838709677418,0,,
7956,1297,1,0,4.0,154.0,36,78,4897,1625,4,15,2,4.02535169073515,38.5,1,,
7600,8269,0,0,4.7,451.5,60,22,643,586,3,24,2,4.23410650459726,96.06382978723404,1,,
3359,4059,1,0,3.4,25.0,50,78,266,1365,4,5,1,3.8066624897703196,7.352941176470589,0,,
4585,7951,1,0,4.1,37.0,47,46,5198,1215,3,18,2,4.02535169073515,9.02439024390244,1,,
7178,2729,1,0,3.3,451.5,88,39,4493,1025,2,26,1,3.9512437185814275,136.8181818181818,1,,
5568,6067,1,0,3.7,47.0,46,27,4869,1918,2,0,2,4.204692619390966,12.702702702702702,1,,
2477,361,0,1,4.1,102.0,70,73,1581,1059,4,21,2,0.0,24.878048780487806,0,,
10806,5110,1,0,3.3,4.0,3,78,266,403,2,12,1,3.7612001156935624,1.2121212121212122,0,,
7661,6115,1,0,3.3,128.0,1,78,2623,1898,2,13,1,3.7612001156935624,38.78787878787879,0,,
4873,8229,0,0,3.7,73.0,89,53,266,1256,2,29,2,4.02535169073515,19.72972972972973,1,,
4745,6211,1,0,3.7,73.0,20,40,266,1194,2,20,2,3.6109179126442243,19.72972972972973,0,,
9184,3463,0,0,4.1,358.0,0,78,3288,983,4,0,2,4.02535169073515,87.31707317073172,1,,
3890,340,1,0,4.2,231.0,51,3,2695,294,3,7,2,3.7612001156935624,55.0,0,,
5377,4597,1,0,3.8,34.0,22,78,266,2378,4,16,2,3.9318256327243257,8.947368421052632,1,,
9859,5679,0,0,3.5,11.0,1,78,266,2576,4,1,1,3.7612001156935624,3.142857142857143,0,,
793,6318,1,1,4.3,451.5,76,28,4077,1249,2,28,2,1.791759469228055,105.0,0,,
1309,1147,1,1,4.2,451.5,45,27,1611,808,2,18,2,1.791759469228055,107.5,0,,
4740,1110,0,0,3.7,73.0,44,80,266,1266,4,18,2,3.5263605246161616,19.72972972972973,0,,
4713,3986,0,0,3.7,73.0,32,78,266,403,4,0,2,3.5263605246161616,19.72972972972973,0,,
7206,560,1,1,4.0,127.0,22,27,1007,2167,2,0,2,4.23410650459726,31.75,1,,
10739,5367,0,0,3.1,16.0,89,78,266,1823,2,29,1,3.7612001156935624,5.161290322580645,0,,
5121,2703,0,0,3.7,73.0,54,91,266,2463,2,22,2,3.7612001156935624,19.72972972972973,0,,
391,1491,0,0,3.4,6.0,0,0,266,260,2,17,1,4.02535169073515,1.7647058823529411,1,,
9061,508,1,0,3.5,13.0,6,27,266,1966,2,28,1,4.110873864173311,3.7142857142857144,1,,
7756,2659,0,0,3.7,73.0,41,78,266,1979,2,16,2,3.9318256327243257,19.72972972972973,1,,
5176,5509,1,0,4.0,38.0,1,40,2148,1491,3,13,2,2.995732273553991,9.5,0,,
1688,2357,1,0,3.9,66.0,0,78,1947,403,2,17,2,4.1588830833596715,16.923076923076923,1,,
6274,1655,1,0,3.8,101.0,19,6,3991,292,1,8,2,4.110873864173311,26.578947368421055,1,,
7749,2316,1,0,3.2,7.0,90,78,266,403,2,17,1,3.7612001156935624,2.1875,0,,
617,109,1,0,3.2,16.0,89,27,266,522,2,6,1,4.174387269895637,5.0,1,,
8041,1950,0,0,3.7,73.0,89,40,266,1498,2,29,2,3.7612001156935624,19.72972972972973,0,,
4262,752,0,0,4.0,44.0,86,19,5169,769,4,20,2,1.0986122886681096,11.0,0,,
9854,7207,0,0,3.6,73.0,2,27,413,483,2,14,2,3.7612001156935624,20.27777777777778,0,,
7405,3102,0,0,3.4,10.0,76,78,266,2492,2,28,1,3.7612001156935624,2.9411764705882355,0,,
6779,6519,1,0,3.6,32.0,29,78,266,1256,4,2,2,3.5263605246161616,8.88888888888889,0,,
10393,3987,0,0,3.4,10.0,20,78,266,1865,4,9,1,3.7612001156935624,2.9411764705882355,0,,
3898,2056,1,0,3.1,325.0,22,78,266,2576,2,10,1,3.9318256327243257,104.83870967741935,1,,
3155,5671,0,0,3.7,73.0,79,78,266,1865,4,7,2,3.7612001156935624,19.72972972972973,0,,
170,19,0,1,4.3,451.5,28,28,1596,221,6,21,2,3.4011973816621555,105.0,0,,
2988,6539,0,0,4.0,149.0,77,27,4159,2261,4,22,2,4.1588830833596715,37.25,1,,
5299,7453,0,0,2.8,60.0,36,40,266,281,3,15,1,4.02535169073515,21.42857142857143,1,,
4806,6139,1,0,3.6,76.0,6,92,1044,119,2,4,2,3.7612001156935624,21.11111111111111,0,,
1425,5185,1,0,2.9,45.0,22,27,266,1828,2,4,1,4.110873864173311,15.517241379310345,1,,
1015,7842,0,0,3.0,31.0,83,3,266,1194,2,5,1,2.995732273553991,10.333333333333334,0,,
54,7563,1,0,3.1,7.0,49,78,266,1532,2,12,1,3.6109179126442243,2.258064516129032,0,,
4314,1915,1,0,4.7,451.5,27,40,2353,1498,3,25,2,3.9318256327243257,96.06382978723404,1,,
1824,2929,0,0,3.4,7.0,22,78,266,1922,2,0,1,3.9318256327243257,2.058823529411765,1,,
1290,1410,1,0,3.4,25.0,70,78,266,907,4,7,1,3.7612001156935624,7.352941176470589,0,,
8335,6709,0,0,3.7,73.0,89,92,266,2555,2,29,2,3.6109179126442243,19.72972972972973,0,,
4851,6724,0,0,3.7,73.0,52,27,266,2561,2,27,2,4.204692619390966,19.72972972972973,1,,
9570,2152,1,0,3.9,451.5,33,27,3281,987,2,25,2,4.02535169073515,115.76923076923077,1,,
7241,4034,1,0,3.9,302.0,16,78,2084,1671,2,11,2,3.7612001156935624,77.43589743589743,0,,
5344,2661,1,0,3.7,162.0,5,78,4855,1898,4,26,2,3.9318256327243257,43.78378378378378,1,,
3588,3853,1,0,3.7,14.0,32,78,266,2463,4,3,2,2.772588722239781,3.7837837837837838,0,,
2479,462,1,0,4.0,187.0,0,78,266,57,2,12,2,3.9318256327243257,46.75,1,,
4067,295,0,0,3.3,8.0,0,92,266,1898,2,17,1,4.02535169073515,2.4242424242424243,1,,
5203,180,1,0,3.3,8.0,41,78,266,2555,4,19,1,3.6109179126442243,2.4242424242424243,0,,
9449,6382,1,0,3.7,73.0,45,78,266,1256,2,0,2,3.7612001156935624,19.72972972972973,0,,
2806,975,0,0,3.3,6.0,22,19,266,670,1,10,1,4.110873864173311,1.8181818181818183,1,,
3783,6224,1,0,4.2,217.0,27,40,4271,1495,2,25,2,4.02535169073515,51.666666666666664,1,,
6261,3552,1,0,4.0,120.0,0,78,266,2369,2,18,2,3.6109179126442243,30.0,0,,
6242,7350,0,0,3.7,73.0,4,0,266,271,3,1,2,3.7612001156935624,19.72972972972973,0,,
9793,6990,0,0,3.3,6.0,0,78,266,2473,4,0,1,3.6109179126442243,1.8181818181818183,0,,
10896,7050,1,0,3.0,9.0,56,78,266,1898,2,23,1,3.9512437185814275,3.0,1,,
10034,5790,1,0,4.0,25.0,0,78,266,2078,2,16,2,3.9318256327243257,6.25,1,,
219,2111,0,0,3.7,24.0,71,78,266,481,2,21,2,4.02535169073515,6.486486486486486,1,,
8835,2377,1,0,3.9,33.0,29,53,266,1533,2,13,2,4.110873864173311,8.461538461538462,1,,
9906,6512,0,0,3.7,73.0,19,78,266,1266,2,8,2,2.995732273553991,19.72972972972973,0,,
743,3947,0,0,3.6,14.0,79,78,266,2463,4,21,2,3.6109179126442243,3.888888888888889,0,,
845,576,0,0,3.2,6.0,52,88,266,1762,3,5,1,3.7612001156935624,1.875,0,,
4260,688,1,0,3.7,68.0,8,27,399,2555,2,9,2,4.02535169073515,18.37837837837838,1,,
1133,2041,0,0,3.2,29.0,62,6,266,289,3,25,1,4.110873864173311,9.0625,1,,
6783,6009,1,0,2.7,48.0,0,27,266,1898,2,13,1,4.1588830833596715,17.777777777777775,1,,
6516,1258,1,0,4.7,451.5,27,27,4463,197,4,25,2,2.302585092994046,96.06382978723404,0,,
11308,7987,0,1,4.3,451.5,70,49,3994,2076,4,20,2,3.6888794541139363,105.0,0,,
7761,6097,1,0,3.9,43.0,9,78,266,2516,2,23,2,3.6109179126442243,11.025641025641026,0,,
2563,2549,0,0,3.7,73.0,35,78,266,1836,4,23,2,3.7612001156935624,19.72972972972973,0,,
128,5771,1,0,4.0,324.0,1,19,3906,742,1,3,2,4.1588830833596715,81.0,1,,
4997,8286,0,0,3.8,139.0,37,28,43,1937,2,14,2,4.02535169073515,36.578947368421055,1,,
5189,4772,1,0,4.2,451.5,44,39,2540,1865,2,16,2,3.9512437185814275,107.5,1,,
4240,3433,0,0,3.5,10.0,0,78,266,1823,2,0,1,3.6109179126442243,2.857142857142857,0,,
6494,3859,1,0,3.2,270.0,9,27,57,1630,2,29,1,4.02535169073515,84.375,1,,
3598,1878,1,0,3.8,75.0,1,26,266,795,1,3,2,3.5263605246161616,19.736842105263158,0,,
8166,8364,1,0,3.9,340.0,32,78,4160,2561,2,19,2,3.9318256327243257,87.17948717948718,1,,
10343,8404,0,0,4.0,69.0,89,27,4643,932,2,29,2,4.110873864173311,17.25,1,,
5047,6997,1,0,3.7,73.0,27,39,266,2463,2,11,2,3.9318256327243257,19.72972972972973,1,,
3029,8588,0,0,3.6,38.0,0,78,266,1953,4,13,2,3.6109179126442243,10.555555555555555,0,,
9614,4179,0,0,3.7,73.0,3,0,266,260,2,12,2,4.02535169073515,19.72972972972973,1,,
3810,6902,0,1,4.2,451.5,52,33,3916,2186,6,7,2,2.302585092994046,107.5,0,,
5814,4917,1,0,3.7,73.0,2,78,266,1779,2,14,2,3.5263605246161616,19.72972972972973,0,,
4247,3784,1,0,3.5,80.0,1,78,4228,2709,4,1,1,3.6109179126442243,22.857142857142858,0,,
8982,220,0,0,3.5,40.0,89,27,266,1898,4,6,1,4.204692619390966,11.428571428571429,1,,
2102,6920,1,0,3.6,18.0,3,40,266,1208,1,2,2,4.23410650459726,5.0,1,,
11432,2998,0,0,3.7,73.0,41,78,266,77,4,0,2,4.110873864173311,19.72972972972973,1,,
9898,202,0,0,3.7,56.0,32,78,5055,2463,4,13,2,2.995732273553991,15.135135135135135,0,,
5997,4749,0,0,3.7,73.0,45,65,266,57,2,17,2,3.7612001156935624,19.72972972972973,0,,
2989,1066,1,0,4.0,62.0,27,39,4094,403,2,18,2,3.9318256327243257,15.5,1,,
1524,1340,0,0,3.6,22.0,0,19,266,708,2,19,2,4.02535169073515,6.111111111111111,1,,
7211,6375,0,0,3.8,189.0,1,78,1672,2463,4,1,2,3.7612001156935624,49.73684210526316,0,,
9738,1232,1,0,4.2,373.0,9,27,2954,981,2,23,2,4.110873864173311,88.80952380952381,1,,
5837,326,0,0,3.7,73.0,27,27,266,2207,4,11,2,4.1588830833596715,19.72972972972973,1,,
11292,4401,0,0,3.9,108.0,62,60,1880,1391,5,11,2,3.6375861597263857,27.692307692307693,0,,
1647,8495,0,0,3.7,73.0,79,78,266,2537,4,20,2,3.5263605246161616,19.72972972972973,0,,
3043,5299,0,0,3.9,66.0,4,27,266,2463,4,3,2,3.9318256327243257,16.923076923076923,1,,
5100,1246,1,0,3.7,73.0,27,92,266,565,2,18,2,3.5263605246161616,19.72972972972973,0,,
9207,526,1,0,3.5,12.0,0,78,266,1823,2,19,1,3.7612001156935624,3.4285714285714284,0,,
2344,3028,1,0,3.7,61.0,0,78,3321,1286,2,19,2,3.8066624897703196,16.486486486486484,0,,
11179,856,0,1,3.7,64.0,4,8,4331,1391,5,27,2,3.295836866004329,17.297297297297295,0,,
6989,5831,1,1,4.1,451.5,60,19,3743,645,1,24,2,4.204692619390966,110.1219512195122,1,,
1467,2038,1,1,4.1,451.5,0,27,782,505,4,18,2,4.204692619390966,110.1219512195122,1,,
9456,2662,0,0,3.7,73.0,47,39,266,1898,2,0,2,4.02535169073515,19.72972972972973,1,,
5156,1247,0,0,3.7,73.0,36,19,266,618,2,15,2,3.7612001156935624,19.72972972972973,0,,
4809,4012,0,0,3.4,7.0,46,39,266,1617,2,16,1,3.7612001156935624,2.058823529411765,0,,
9533,1830,0,0,3.9,183.0,83,27,2686,2068,4,5,2,3.295836866004329,46.92307692307693,0,,
3779,1571,1,0,3.5,10.0,16,78,266,1341,2,17,1,3.5263605246161616,2.857142857142857,0,,
8749,8070,0,1,4.1,94.0,16,49,1484,1252,4,16,2,3.6375861597263857,22.926829268292686,0,,
2736,7217,1,0,3.2,11.0,0,78,266,1823,2,17,1,3.6109179126442243,3.4375,0,,
5661,3501,0,0,3.7,73.0,0,78,266,403,2,17,2,3.7612001156935624,19.72972972972973,0,,
11226,6716,1,0,4.1,391.0,15,27,3008,857,2,7,2,4.110873864173311,95.3658536585366,1,,
2596,4768,0,0,3.6,16.0,47,39,266,2628,2,0,2,3.7612001156935624,4.444444444444445,0,,
2224,5112,1,0,4.0,200.0,29,78,4657,1710,4,12,2,3.9318256327243257,50.0,1,,
2797,802,0,0,4.3,451.5,56,27,1109,2048,0,4,2,0.0,105.0,0,,
3348,798,0,0,3.5,49.0,5,90,905,1755,3,26,1,3.6109179126442243,14.0,0,,
594,6908,0,0,4.0,451.5,44,19,4673,674,2,17,2,4.127134385045092,112.875,1,,
2697,3614,1,1,4.3,451.5,15,29,4910,1054,1,9,2,0.0,105.0,0,,
1244,6321,1,0,3.7,451.5,32,27,5143,2221,4,13,2,4.23410650459726,122.02702702702702,1,,
9355,7138,0,0,3.5,20.0,89,27,266,2253,2,29,1,4.04305126783455,5.714285714285714,1,,
4516,768,1,0,3.9,451.5,47,27,4609,313,4,17,2,4.110873864173311,115.76923076923077,1,,
5401,3791,1,0,3.5,11.0,32,78,266,1256,2,12,1,3.5263605246161616,3.142857142857143,0,,
11430,8666,1,0,3.6,31.0,0,14,266,2681,2,16,2,2.995732273553991,8.61111111111111,0,,
682,2197,1,0,3.9,121.0,41,78,1049,1922,4,17,2,3.9318256327243257,31.025641025641026,1,,
1209,6980,1,0,4.0,284.0,67,78,5084,2463,2,22,2,2.995732273553991,71.0,0,,
6747,8725,0,0,3.7,73.0,28,28,266,1415,6,21,2,2.302585092994046,19.72972972972973,0,,
4535,446,1,0,3.6,24.0,89,78,266,2555,2,29,2,3.7612001156935624,6.666666666666666,0,,
4840,5790,1,0,4.0,141.0,89,27,330,2093,2,6,2,4.204692619390966,35.25,1,,
2052,2521,1,0,3.8,72.0,8,19,4481,592,4,7,2,4.127134385045092,18.947368421052634,1,,
3038,1293,0,0,3.0,11.0,12,19,266,708,1,21,1,4.1588830833596715,3.6666666666666665,1,,
2045,1452,1,0,3.7,73.0,32,0,266,271,3,13,2,3.8066624897703196,19.72972972972973,0,,
7378,5823,0,0,2.7,31.0,19,78,266,2330,4,8,1,4.02535169073515,11.481481481481481,1,,
8,7721,0,0,3.3,9.0,70,19,266,579,1,20,1,3.9318256327243257,2.7272727272727275,1,,
1996,2367,1,0,3.7,329.0,0,92,384,1872,2,19,2,4.02535169073515,88.91891891891892,1,,
4619,4578,1,1,4.1,451.5,43,27,3294,983,4,17,2,4.23410650459726,110.1219512195122,1,,
4520,8716,1,0,3.8,41.0,47,78,358,403,4,19,2,3.5263605246161616,10.789473684210527,0,,
5143,212,0,0,3.2,10.0,29,39,266,403,2,12,1,3.7612001156935624,3.125,0,,
7183,6633,1,0,2.8,296.0,14,27,3048,403,4,9,1,4.110873864173311,105.71428571428572,1,,
10907,8333,1,0,2.9,42.0,0,78,2824,2240,4,13,1,3.6109179126442243,14.482758620689655,0,,
9349,726,1,0,3.5,8.0,56,0,266,271,2,23,1,3.5263605246161616,2.2857142857142856,0,,
3711,5574,1,0,3.5,61.0,20,78,3930,1562,2,21,1,3.7612001156935624,17.428571428571427,0,,
9510,8573,1,0,3.8,24.0,36,3,266,271,3,15,2,4.02535169073515,6.315789473684211,1,,
6753,3321,1,0,3.5,12.0,76,78,266,1480,2,28,1,4.02535169073515,3.4285714285714284,1,,
8898,4541,1,0,4.2,451.5,47,40,1929,272,2,17,2,3.9512437185814275,107.5,1,,
9575,1580,1,0,3.2,5.0,79,78,266,2463,4,27,1,3.7612001156935624,1.5625,0,,
10943,7453,0,0,2.8,34.0,56,3,266,281,3,23,1,4.02535169073515,12.142857142857144,1,,
6902,7395,0,0,3.9,31.0,44,8,266,2464,6,0,2,0.0,7.948717948717949,0,,
9985,5473,1,0,3.7,281.0,8,27,4629,2010,2,27,2,4.204692619390966,75.94594594594594,1,,
5367,8049,1,1,4.1,451.5,22,27,4484,2066,4,10,2,4.204692619390966,110.1219512195122,1,,
6903,3896,1,0,3.6,35.0,0,78,266,1256,2,2,2,3.7612001156935624,9.722222222222221,0,,
988,6401,0,0,3.4,12.0,24,78,266,1898,4,15,1,3.9318256327243257,3.5294117647058822,1,,
2603,6271,1,0,4.0,269.0,41,78,3998,1918,4,10,2,3.9512437185814275,67.25,1,,
4001,413,1,0,3.4,84.0,0,78,266,2090,4,16,1,3.7612001156935624,24.705882352941178,0,,
1922,7855,0,0,3.8,20.0,45,78,266,1444,2,18,2,3.7612001156935624,5.2631578947368425,0,,
1222,1818,1,0,4.3,451.5,27,22,3850,736,5,25,2,0.0,105.0,0,,
3711,5574,1,0,3.4,60.0,20,78,3930,1562,2,27,1,3.7612001156935624,17.647058823529413,0,,
10619,3098,1,1,4.1,451.5,89,73,1442,191,6,29,2,1.3862943611198906,110.1219512195122,0,,
4256,8379,1,0,3.9,451.5,83,22,1354,588,4,5,2,4.204692619390966,115.76923076923077,1,,
628,3064,1,1,4.0,451.5,27,10,1456,2696,6,11,2,2.302585092994046,112.875,0,,
6610,5911,0,0,3.7,73.0,29,39,266,1009,2,12,2,4.1588830833596715,19.72972972972973,1,,
9759,7871,1,0,4.0,177.0,46,39,685,1294,2,16,2,3.7612001156935624,44.25,0,,
8735,8085,0,1,3.8,176.0,32,27,3060,1824,0,13,2,1.9459101490553132,46.31578947368421,0,,
2098,4682,0,0,3.5,25.0,3,53,266,157,4,0,1,4.02535169073515,7.142857142857143,1,,
3256,3972,1,0,3.7,28.0,45,27,266,1715,2,17,2,4.110873864173311,7.5675675675675675,1,,
1459,936,0,0,3.7,73.0,14,27,266,2290,4,5,2,4.204692619390966,19.72972972972973,1,,
2177,4197,1,0,3.2,42.0,22,78,266,2463,2,10,1,3.5263605246161616,13.125,0,,
98,5969,1,0,3.7,24.0,0,92,266,1896,2,19,2,3.9318256327243257,6.486486486486486,1,,
3728,5799,1,1,4.5,451.5,0,27,3441,1124,4,0,2,4.204692619390966,100.33333333333333,1,,
9868,8724,1,0,3.6,19.0,19,78,266,867,4,8,2,3.7612001156935624,5.277777777777778,0,,
98,5969,1,0,3.7,23.0,0,92,266,1896,2,13,2,3.9318256327243257,6.216216216216216,1,,
10940,4326,0,0,3.7,73.0,2,14,266,352,2,15,2,2.995732273553991,19.72972972972973,0,,
2653,5424,0,0,3.3,6.0,14,19,266,579,2,27,1,3.9318256327243257,1.8181818181818183,1,,
10607,5805,1,1,3.8,198.0,52,27,3089,1538,2,7,2,2.3978952727983707,52.10526315789474,0,,
5915,469,1,0,3.4,9.0,60,78,266,67,2,24,1,3.6109179126442243,2.6470588235294117,0,,
3770,1867,0,0,3.4,97.0,29,28,2665,2489,5,2,1,1.0986122886681096,28.529411764705884,0,,
501,3403,0,0,3.6,20.0,55,78,266,2463,4,22,2,2.995732273553991,5.555555555555555,0,,
8578,5603,1,0,3.8,37.0,6,39,266,237,3,4,2,3.9318256327243257,9.736842105263158,1,,
7869,431,0,0,3.4,6.0,0,78,266,1619,4,13,1,3.7612001156935624,1.7647058823529411,0,,
7832,4634,1,0,2.7,74.0,7,27,266,459,4,0,1,4.1588830833596715,27.407407407407405,1,,
10251,7113,0,0,3.5,54.0,2,78,266,61,4,15,1,3.7612001156935624,15.428571428571429,0,,
11344,8276,1,0,3.7,73.0,6,78,266,1823,4,4,2,3.5263605246161616,19.72972972972973,0,,
1335,2016,1,0,4.0,451.5,29,26,1194,740,4,0,2,0.0,112.875,0,,
3551,5309,1,0,3.1,151.0,73,78,266,1898,2,24,1,3.9512437185814275,48.70967741935484,1,,
2546,2490,1,0,3.8,451.5,56,78,4308,1881,4,23,2,4.02535169073515,118.81578947368422,1,,
6205,6353,1,0,3.8,101.0,1,78,266,445,4,1,2,3.9318256327243257,26.578947368421055,1,,
4747,3106,0,0,2.9,21.0,44,78,266,77,4,17,1,3.9512437185814275,7.241379310344827,1,,
1035,1668,1,0,3.7,355.0,89,27,1254,1865,4,29,2,4.1588830833596715,95.94594594594594,1,,
1811,1127,0,0,3.4,5.0,19,27,266,1823,4,8,1,2.302585092994046,1.4705882352941178,0,,
570,5024,1,0,4.1,451.5,43,19,3036,659,4,17,2,4.204692619390966,110.1219512195122,1,,
9341,2571,0,0,3.6,13.0,32,39,266,296,2,13,2,3.9318256327243257,3.611111111111111,1,,
9300,2871,1,0,4.3,371.0,27,40,1419,2644,1,11,2,3.9318256327243257,86.27906976744187,1,,
1113,4393,1,0,4.3,165.0,45,78,672,577,4,0,2,4.02535169073515,38.372093023255815,1,,
9113,4059,1,0,4.0,451.5,27,78,4220,1365,2,11,2,3.8066624897703196,112.875,0,,
8318,8014,1,0,3.9,158.0,28,27,3266,986,2,20,2,1.791759469228055,40.51282051282051,0,,
30,3421,1,0,3.7,73.0,90,78,266,1823,4,19,2,3.9318256327243257,19.72972972972973,1,,
11167,806,0,1,4.3,451.5,56,27,3742,2075,4,23,2,2.3978952727983707,105.0,0,,
9004,10,0,1,4.1,357.0,43,49,2320,1239,4,19,2,3.2188758248682006,87.07317073170732,0,,
599,7005,1,0,3.2,202.0,89,78,266,1872,2,6,1,3.9318256327243257,63.125,1,,
5773,598,1,0,3.6,26.0,18,14,266,360,2,19,2,3.5263605246161616,7.222222222222222,0,,
13,712,1,0,4.0,89.0,29,0,1806,271,2,0,2,4.02535169073515,22.25,1,,
2203,3502,1,0,3.6,218.0,0,27,369,488,4,0,2,4.110873864173311,60.55555555555556,1,,
10065,2722,1,0,3.4,15.0,3,27,266,1898,2,0,1,4.110873864173311,4.411764705882353,1,,
10760,3563,1,0,3.6,118.0,71,27,1193,816,4,20,2,4.02535169073515,32.77777777777778,1,,
10718,6081,1,1,3.9,451.5,89,27,1841,2353,4,29,2,4.23410650459726,115.76923076923077,1,,
11471,8178,0,0,4.1,211.0,20,6,4001,281,3,5,2,3.5263605246161616,51.463414634146346,0,,
4630,123,1,0,3.6,42.0,83,27,4983,2578,4,9,2,3.9318256327243257,11.666666666666666,1,,
658,1137,1,0,3.7,20.0,32,78,266,1694,2,0,2,3.5263605246161616,5.405405405405405,0,,
10945,4257,1,0,3.7,92.0,22,0,555,271,2,17,2,3.9318256327243257,24.864864864864863,1,,
2369,1207,0,0,4.6,451.5,12,19,2220,780,1,21,2,1.0986122886681096,98.15217391304348,0,,
10143,6227,1,0,3.6,176.0,22,39,4315,451,2,10,2,3.9318256327243257,48.888888888888886,1,,
9650,6153,1,1,4.3,451.5,78,27,2103,917,2,20,2,1.3862943611198906,105.0,0,,
7000,1778,0,0,3.9,31.0,8,59,266,873,2,20,2,3.7612001156935624,7.948717948717949,0,,
3986,1968,1,0,3.0,59.0,27,19,2938,760,4,11,1,4.02535169073515,19.666666666666668,1,,
2127,910,0,0,3.6,221.0,14,78,2285,2656,4,5,2,3.7612001156935624,61.388888888888886,0,,
2844,4449,1,0,4.6,451.5,47,23,3397,702,1,18,2,4.04305126783455,98.15217391304348,1,,
1403,392,1,0,3.4,17.0,32,78,266,403,2,0,1,2.772588722239781,5.0,0,,
7925,5675,1,0,4.0,451.5,29,27,2501,502,2,0,2,4.204692619390966,112.875,1,,
360,7804,1,0,3.8,139.0,62,43,3405,1212,2,25,2,4.1588830833596715,36.578947368421055,1,,
7717,7219,0,0,3.9,75.0,14,78,2034,2463,4,9,2,2.995732273553991,19.23076923076923,0,,
5972,8194,1,0,4.3,246.0,45,78,3292,2707,2,17,2,4.110873864173311,57.2093023255814,1,,
269,6461,0,0,3.7,73.0,0,78,266,1898,4,17,2,3.7612001156935624,19.72972972972973,0,,
5325,2178,1,0,3.7,73.0,0,78,266,2010,2,18,2,3.9318256327243257,19.72972972972973,1,,
10723,4686,1,0,3.7,36.0,22,92,266,86,2,10,2,4.02535169073515,9.72972972972973,1,,
3346,1755,0,0,4.5,451.5,45,27,4815,1737,4,18,2,1.3862943611198906,100.33333333333333,0,,
1922,7855,0,0,3.8,20.0,45,78,266,1444,2,0,2,3.7612001156935624,5.2631578947368425,0,,
1884,7932,1,0,4.0,133.0,12,78,2143,1266,2,11,2,3.9512437185814275,33.25,1,,
2105,6974,1,0,3.6,9.0,3,78,266,1009,2,2,2,3.6109179126442243,2.5,0,,
3450,4904,0,0,3.8,22.0,62,59,266,1345,2,11,2,2.995732273553991,5.7894736842105265,0,,
3629,7531,0,0,3.6,15.0,52,78,266,1823,4,7,2,3.8066624897703196,4.166666666666667,0,,
11291,5804,0,0,3.3,5.0,19,27,266,2016,4,8,1,4.1588830833596715,1.5151515151515151,1,,
3072,2678,1,0,3.4,6.0,19,78,266,1898,2,8,1,3.7612001156935624,1.7647058823529411,0,,
9500,3944,0,0,3.5,12.0,45,78,266,239,2,16,1,3.5263605246161616,3.4285714285714284,0,,
9761,6522,0,0,3.6,34.0,29,78,266,1438,4,12,2,3.7612001156935624,9.444444444444445,0,,
2214,2491,1,1,4.2,63.0,52,19,266,724,3,27,2,4.204692619390966,15.0,1,,
8984,627,0,0,3.4,46.0,16,27,2221,1823,0,16,1,1.0986122886681096,13.529411764705882,0,,
10510,1741,1,0,3.7,73.0,8,27,266,998,4,5,2,4.110873864173311,19.72972972972973,1,,
9289,7025,0,1,3.0,74.0,7,27,3601,208,0,10,1,1.3862943611198906,24.666666666666668,0,,
1800,297,1,0,3.7,73.0,0,78,266,144,2,18,2,3.9318256327243257,19.72972972972973,1,,
4080,5188,0,0,3.4,4.0,8,59,266,2670,4,7,1,2.995732273553991,1.1764705882352942,0,,
8126,7379,1,0,3.8,362.0,20,19,1987,645,2,7,2,4.1588830833596715,95.26315789473685,1,,
3038,23,1,1,4.0,451.5,12,28,618,28,5,27,2,0.0,112.875,0,,
10719,6920,1,0,4.4,390.0,89,43,971,1210,1,29,2,4.1588830833596715,88.63636363636363,1,,
8598,6119,0,0,3.7,73.0,12,9,266,1051,1,5,2,0.0,19.72972972972973,0,,
10490,4119,1,0,3.7,73.0,89,78,266,2463,2,6,2,3.6109179126442243,19.72972972972973,0,,
28,845,0,0,3.7,24.0,0,78,266,1833,2,2,2,3.9318256327243257,6.486486486486486,1,,
1580,5399,0,0,4.0,90.0,28,78,6,2517,4,21,2,3.7612001156935624,22.5,0,,
334,3792,1,0,3.4,22.0,19,0,266,260,2,8,1,3.8066624897703196,6.470588235294118,0,,
2278,8490,1,0,3.7,73.0,22,78,266,2543,2,10,2,3.6109179126442243,19.72972972972973,0,,
9862,3917,0,0,3.7,73.0,3,78,266,57,4,2,2,3.7612001156935624,19.72972972972973,0,,
2075,1349,1,0,3.3,6.0,60,80,266,1266,4,24,1,3.7612001156935624,1.8181818181818183,0,,
7912,2851,0,1,4.5,451.5,45,76,4938,1403,4,18,2,0.0,100.33333333333333,0,,
8916,1252,1,0,3.9,114.0,26,78,564,557,2,6,2,4.110873864173311,29.23076923076923,1,,
6450,612,0,0,3.2,8.0,54,78,266,2463,4,27,1,2.995732273553991,2.5,0,,
7618,530,0,0,3.2,4.0,89,40,266,1498,3,6,1,3.5263605246161616,1.25,0,,
8351,1048,0,0,3.6,21.0,29,39,266,403,2,13,2,3.7612001156935624,5.833333333333333,0,,
10417,5764,0,0,4.0,157.0,2,73,173,1391,4,14,2,1.0986122886681096,39.25,0,,
3070,3534,1,0,3.6,34.0,29,40,4070,1498,2,13,2,3.7612001156935624,9.444444444444445,0,,
3534,1902,0,0,3.5,9.0,20,40,266,1219,3,21,1,3.5263605246161616,2.5714285714285716,0,,
5478,1039,1,0,3.1,7.0,45,78,266,475,2,17,1,4.02535169073515,2.258064516129032,1,,
9380,285,1,0,3.4,14.0,56,78,266,973,4,23,1,3.5263605246161616,4.11764705882353,0,,
3063,3220,0,0,3.9,77.0,52,78,2792,2463,4,5,2,3.5263605246161616,19.743589743589745,0,,
9720,1670,1,0,3.7,73.0,89,92,266,1083,2,6,2,3.5263605246161616,19.72972972972973,0,,
1532,3109,0,0,3.3,24.0,22,27,266,1898,4,0,1,4.110873864173311,7.272727272727273,1,,
919,3308,1,0,3.9,340.0,22,78,2112,2544,4,10,2,3.9318256327243257,87.17948717948718,1,,
10592,5580,0,0,3.4,11.0,27,27,266,1574,2,11,1,4.1588830833596715,3.235294117647059,1,,
4694,2183,1,0,3.7,73.0,56,26,266,709,1,6,2,3.7612001156935624,19.72972972972973,0,,
11308,7970,0,0,4.1,28.0,70,27,266,343,4,5,2,3.2188758248682006,6.829268292682928,0,,
8517,4095,1,0,3.7,45.0,19,57,4069,1898,2,8,2,4.02535169073515,12.162162162162161,1,,
3781,4393,1,0,4.2,315.0,27,78,532,577,4,11,2,4.02535169073515,75.0,1,,
4156,860,0,0,2.7,160.0,3,27,1410,981,4,2,1,4.219507705176107,59.25925925925925,1,,
3187,2870,0,0,3.7,73.0,3,92,266,976,2,2,2,3.5263605246161616,19.72972972972973,0,,
6601,6837,0,0,2.7,47.0,44,27,3497,1823,4,18,1,4.204692619390966,17.407407407407405,1,,
9285,4192,1,0,3.4,21.0,89,0,266,271,3,29,1,3.7612001156935624,6.176470588235294,0,,
4955,2677,1,0,3.7,131.0,19,78,3156,911,4,8,2,3.9318256327243257,35.4054054054054,1,,
3364,6800,0,0,3.7,73.0,5,78,266,2492,4,26,2,3.5263605246161616,19.72972972972973,0,,
7853,429,1,0,3.2,205.0,76,27,2709,1872,2,28,1,4.02535169073515,64.0625,1,,
1830,1511,1,0,3.3,8.0,56,0,266,271,2,23,1,3.7612001156935624,2.4242424242424243,0,,
6090,156,1,0,4.0,451.5,27,27,2465,2016,2,11,2,4.23410650459726,112.875,1,,
2264,3619,0,0,3.0,8.0,24,39,266,343,2,15,1,3.7612001156935624,2.6666666666666665,0,,
10082,1681,0,1,3.9,125.0,56,60,1650,1244,4,28,2,3.4011973816621555,32.05128205128205,0,,
1380,2041,0,0,3.2,63.0,29,6,3721,289,2,13,1,4.110873864173311,19.6875,1,,
9330,801,0,0,3.9,72.0,51,60,1572,2618,5,5,2,3.4011973816621555,18.461538461538463,0,,
1000,3603,1,0,3.6,27.0,20,78,266,2492,2,7,2,3.5263605246161616,7.5,0,,
7695,5102,1,0,3.8,172.0,45,27,2464,2225,2,18,2,4.04305126783455,45.26315789473684,1,,
9759,7790,1,0,4.1,292.0,46,78,502,569,2,18,2,4.110873864173311,71.21951219512195,1,,
7306,377,0,0,3.7,73.0,55,78,266,461,4,26,2,2.995732273553991,19.72972972972973,0,,
1859,4618,1,0,4.0,101.0,3,27,437,1693,2,12,2,4.02535169073515,25.25,1,,
6118,3967,1,1,4.4,451.5,20,27,4454,168,2,5,2,4.174387269895637,102.61363636363636,1,,
6124,6121,1,0,3.5,9.0,14,40,266,1194,2,27,1,2.772588722239781,2.5714285714285716,0,,
7771,5166,0,0,4.4,366.0,32,40,2281,1498,3,3,2,2.995732273553991,83.18181818181817,0,,
7106,2590,1,0,3.8,254.0,0,27,4749,816,2,12,2,4.04305126783455,66.8421052631579,1,,
4895,1303,0,0,3.8,69.0,3,20,1655,600,1,2,2,4.1588830833596715,18.157894736842106,1,,
8617,8192,0,1,4.2,141.0,83,49,4156,1546,4,9,2,3.4011973816621555,33.57142857142857,0,,
10769,2157,1,0,3.3,26.0,41,39,266,1009,2,0,1,3.9318256327243257,7.878787878787879,1,,
10247,6710,1,0,3.7,62.0,76,78,266,1823,2,4,2,3.7612001156935624,16.756756756756754,0,,
3556,2220,1,0,3.7,35.0,22,80,266,356,2,10,2,3.7612001156935624,9.45945945945946,0,,
2544,1377,1,0,3.8,373.0,56,78,3566,2196,2,6,2,3.7612001156935624,98.15789473684211,0,,
8474,1554,0,0,3.7,73.0,89,78,266,1898,4,29,2,3.9318256327243257,19.72972972972973,1,,
5442,4592,1,0,4.0,451.5,32,78,1747,2263,2,12,2,3.5263605246161616,112.875,0,,
10311,1632,0,0,2.9,78.0,6,78,266,1382,2,4,1,3.9318256327243257,26.896551724137932,1,,
9819,5661,0,0,3.2,21.0,7,78,266,1898,4,0,1,3.7612001156935624,6.5625,0,,
794,8478,1,0,3.9,30.0,20,78,266,2463,2,5,2,3.5263605246161616,7.6923076923076925,0,,
3837,789,0,1,4.1,209.0,52,76,3879,1091,5,5,2,0.0,50.97560975609756,0,,
10789,829,1,0,4.0,451.5,0,39,4856,434,2,18,2,4.02535169073515,112.875,1,,
8359,3299,0,0,3.3,7.0,3,78,266,2148,2,2,1,3.9318256327243257,2.121212121212121,1,,
7821,2848,1,0,3.8,48.0,48,78,3553,1898,2,16,2,3.7612001156935624,12.631578947368421,0,,
9762,7443,1,0,2.9,75.0,78,27,300,1823,2,20,1,4.02535169073515,25.862068965517242,1,,
3354,6354,0,0,3.6,24.0,36,78,266,445,4,14,2,3.9318256327243257,6.666666666666666,1,,
439,640,0,0,3.7,73.0,0,78,266,2522,2,18,2,3.7612001156935624,19.72972972972973,0,,
3374,8407,1,0,3.3,5.0,18,78,266,865,2,17,1,2.772588722239781,1.5151515151515151,0,,
7984,6711,1,0,3.1,22.0,0,78,266,1898,2,17,1,3.9318256327243257,7.096774193548387,1,,
8602,1807,0,0,2.9,17.0,6,53,266,981,4,28,1,3.9318256327243257,5.862068965517242,1,,
10410,1759,0,0,3.7,73.0,89,39,266,403,2,6,2,3.7612001156935624,19.72972972972973,0,,
10959,7571,1,0,3.8,12.0,0,78,266,2719,2,12,2,3.7612001156935624,3.1578947368421053,0,,
7302,8702,1,0,3.0,20.0,76,39,266,1823,2,28,1,4.02535169073515,6.666666666666667,1,,
935,2333,1,0,4.2,95.0,32,16,5194,352,3,13,2,3.9318256327243257,22.619047619047617,1,,
638,6717,1,1,4.2,451.5,22,63,3414,1403,4,10,2,2.302585092994046,107.5,0,,
154,1040,0,0,3.6,14.0,89,27,266,483,4,29,2,3.9512437185814275,3.888888888888889,1,,
10442,7593,1,0,3.2,23.0,44,78,266,236,2,0,1,3.9318256327243257,7.1875,1,,
7389,6904,0,0,3.7,73.0,41,19,266,579,1,16,2,3.9318256327243257,19.72972972972973,1,,
9190,2389,1,0,3.8,370.0,56,78,1823,2492,4,23,2,3.8066624897703196,97.36842105263159,0,,
10725,6926,0,0,3.7,73.0,89,78,266,260,2,29,2,3.5263605246161616,19.72972972972973,0,,
7809,5409,1,1,3.8,197.0,81,27,2124,473,4,27,2,4.204692619390966,51.8421052631579,1,,
972,3718,0,0,3.7,73.0,52,78,266,2608,2,9,2,2.995732273553991,19.72972972972973,0,,
3502,5862,1,0,3.9,451.5,16,27,4045,1932,4,25,2,4.110873864173311,115.76923076923077,1,,
531,6923,1,0,3.1,4.0,0,14,266,389,2,16,1,2.772588722239781,1.2903225806451613,0,,
8183,8408,1,0,3.3,73.0,35,27,4212,814,2,25,1,4.110873864173311,22.12121212121212,1,,
7920,5099,1,0,3.7,73.0,3,78,266,2473,4,2,2,3.6109179126442243,19.72972972972973,0,,
10671,8212,1,0,4.2,451.5,19,27,4453,1162,0,8,2,1.0986122886681096,107.5,0,,
2660,7579,0,0,3.7,73.0,36,78,266,109,4,15,2,3.7612001156935624,19.72972972972973,0,,
6433,1129,0,1,4.5,451.5,47,28,3167,1765,6,0,2,1.0986122886681096,100.33333333333333,0,,
6356,8237,1,0,3.7,73.0,35,78,266,1853,2,23,2,3.9318256327243257,19.72972972972973,1,,
7367,8567,0,1,3.9,451.5,36,69,3854,1163,4,15,2,2.302585092994046,115.76923076923077,0,,
8325,4326,0,0,3.7,73.0,18,14,266,352,2,17,2,2.995732273553991,19.72972972972973,0,,
6836,315,1,0,3.9,450.0,20,27,335,158,2,9,2,4.1588830833596715,115.38461538461539,1,,
10601,8555,1,0,4.3,451.5,3,59,2664,1199,2,2,2,4.02535169073515,105.0,1,,
7389,6904,0,0,3.7,73.0,41,19,266,579,1,13,2,3.9318256327243257,19.72972972972973,1,,
8480,108,0,0,3.7,73.0,89,92,266,271,2,23,2,0.0,19.72972972972973,0,,
8968,4409,1,0,3.7,73.0,8,59,266,352,2,7,2,3.5263605246161616,19.72972972972973,0,,
4082,1512,0,1,4.2,167.0,12,27,4946,2541,4,5,2,0.0,39.76190476190476,0,,
9682,1573,1,0,3.7,73.0,25,17,266,2683,2,10,2,3.6109179126442243,19.72972972972973,0,,
2409,3553,0,0,3.3,13.0,56,78,266,1861,4,23,1,3.6109179126442243,3.9393939393939394,0,,
9433,4124,1,0,3.9,125.0,89,39,4069,1561,2,29,2,4.110873864173311,32.05128205128205,1,,
6912,1338,1,0,4.1,351.0,19,19,3800,794,1,8,2,4.1588830833596715,85.60975609756099,1,,
5933,4216,1,0,3.7,55.0,89,78,266,109,4,29,2,3.7612001156935624,14.864864864864865,0,,
8098,7403,1,0,3.2,30.0,33,78,266,1823,4,25,1,3.5263605246161616,9.375,0,,
787,1662,1,0,3.8,75.0,32,78,2079,1644,4,12,2,3.7612001156935624,19.736842105263158,0,,
4536,6816,0,0,3.7,73.0,18,78,266,435,2,19,2,3.6109179126442243,19.72972972972973,0,,
8122,951,1,0,3.7,73.0,19,92,266,1256,2,8,2,3.5263605246161616,19.72972972972973,0,,
10386,3771,0,0,3.7,73.0,16,78,266,414,2,16,2,2.995732273553991,19.72972972972973,0,,
5763,4656,1,0,3.7,73.0,41,78,266,2687,2,10,2,2.995732273553991,19.72972972972973,0,,
11248,318,1,0,3.7,73.0,92,78,266,1989,4,22,2,3.9318256327243257,19.72972972972973,1,,
7360,383,0,0,3.7,73.0,36,78,266,403,4,15,2,2.833213344056216,19.72972972972973,0,,
4250,8188,0,0,3.4,15.0,3,78,266,1619,4,2,1,2.995732273553991,4.411764705882353,0,,
6484,4570,1,0,3.3,21.0,27,92,266,2561,2,11,1,3.7612001156935624,6.363636363636364,0,,
10035,4419,1,0,4.2,451.5,0,78,2678,1863,2,0,2,3.7612001156935624,107.5,0,,
8989,6501,0,1,4.1,432.0,77,27,4632,1641,4,22,2,1.3862943611198906,105.3658536585366,0,,
3642,7630,0,0,2.8,227.0,46,19,4907,579,1,16,1,3.9512437185814275,81.07142857142858,1,,
1505,4586,1,0,2.9,126.0,0,78,2578,907,4,2,1,3.7612001156935624,43.44827586206897,0,,
3356,3109,0,0,3.4,8.0,8,78,4833,1823,4,21,1,3.9512437185814275,2.3529411764705883,1,,
9644,8069,1,0,4.0,107.0,6,19,4438,730,2,4,2,3.9318256327243257,26.75,1,,
5016,4735,0,0,3.6,12.0,44,78,266,1161,2,16,2,4.127134385045092,3.333333333333333,1,,
6906,2232,1,0,3.7,175.0,22,92,3497,449,2,19,2,3.9318256327243257,47.2972972972973,1,,
8157,6229,0,0,3.7,73.0,41,92,266,1365,2,17,2,3.9512437185814275,19.72972972972973,1,,
10870,4915,0,0,3.3,6.0,22,78,266,816,2,10,1,3.6109179126442243,1.8181818181818183,0,,
1443,2401,1,0,3.5,32.0,27,78,266,1898,2,11,1,3.9318256327243257,9.142857142857142,1,,
2518,1659,1,0,3.7,73.0,22,39,266,445,2,16,2,4.02535169073515,19.72972972972973,1,,
10260,563,1,0,4.2,451.5,59,27,5132,1790,2,14,2,4.204692619390966,107.5,1,,
4405,5762,0,1,4.1,451.5,8,76,3020,1391,5,20,2,1.0986122886681096,110.1219512195122,0,,
2418,2107,1,0,3.6,16.0,20,78,266,1766,2,11,2,3.6109179126442243,4.444444444444445,0,,
9526,4276,0,1,4.1,309.0,75,49,3739,2064,0,20,2,3.8712010109078907,75.3658536585366,1,,
8158,6875,0,0,3.7,73.0,41,78,266,1823,2,18,2,4.110873864173311,19.72972972972973,1,,
7393,7603,1,0,3.8,217.0,29,78,3537,1823,4,13,2,3.9512437185814275,57.10526315789474,1,,
6142,2608,0,0,3.7,73.0,55,0,266,260,2,26,2,2.995732273553991,19.72972972972973,0,,
6231,2714,0,0,3.3,7.0,0,39,266,1197,2,19,1,3.6109179126442243,2.121212121212121,0,,
1908,2005,1,0,3.8,232.0,32,27,46,97,4,0,2,4.110873864173311,61.05263157894737,1,,
3933,6144,1,0,3.0,21.0,0,39,266,435,2,0,1,4.110873864173311,7.0,1,,
5765,6897,0,1,3.9,96.0,5,76,225,134,4,26,2,1.3862943611198906,24.615384615384617,0,,
2297,7650,0,1,4.3,451.5,32,22,4925,679,3,3,2,4.204692619390966,105.0,1,,
6524,583,1,0,4.0,71.0,27,27,3045,812,2,21,2,4.174387269895637,17.75,1,,
2584,6028,0,0,3.7,73.0,5,78,266,461,4,26,2,3.7612001156935624,19.72972972972973,0,,
11301,4924,0,1,4.2,271.0,52,49,4388,1553,0,11,2,3.6375861597263857,64.52380952380952,0,,
5173,2603,0,0,3.8,45.0,1,92,1794,260,2,1,2,3.9318256327243257,11.842105263157896,1,,
7070,4561,0,0,3.7,451.5,46,78,4922,2463,4,16,2,3.5263605246161616,122.02702702702702,0,,
11361,3937,1,0,3.6,31.0,13,27,266,2568,2,21,2,3.9318256327243257,8.61111111111111,1,,
2209,3054,1,1,4.7,451.5,15,75,1781,2302,4,5,2,1.791759469228055,96.06382978723404,0,,
8878,1360,0,0,3.7,73.0,71,78,266,1266,4,27,2,3.5263605246161616,19.72972972972973,0,,
6088,4789,1,1,4.2,451.5,27,27,1068,440,2,9,2,4.174387269895637,107.5,1,,
8777,8101,0,0,4.3,241.0,20,0,1797,271,3,9,2,2.772588722239781,56.04651162790698,0,,
5613,168,1,0,3.6,74.0,45,27,146,313,2,19,2,4.1588830833596715,20.555555555555554,1,,
6511,4042,0,0,4.1,451.5,9,78,1382,2255,2,6,2,4.02535169073515,110.1219512195122,1,,
1567,8590,1,1,4.1,451.5,45,73,1482,1394,2,0,2,1.3862943611198906,110.1219512195122,0,,
6388,3513,0,0,3.4,6.0,19,78,266,2225,4,8,1,3.9318256327243257,1.7647058823529411,1,,
6418,3779,0,0,3.9,43.0,45,14,4544,375,3,0,2,3.5263605246161616,11.025641025641026,0,,
1025,2376,1,0,3.8,19.0,47,27,266,2334,2,17,2,3.9318256327243257,5.0,1,,
4427,1806,0,0,3.7,32.0,18,78,266,895,2,19,2,4.02535169073515,8.648648648648647,1,,
1565,7193,1,0,3.6,10.0,29,78,266,2355,2,0,2,3.5263605246161616,2.7777777777777777,0,,
8977,2149,0,0,3.5,6.0,70,40,266,260,3,21,1,4.02535169073515,1.7142857142857142,1,,
3880,7393,1,0,4.2,451.5,89,27,2870,1698,2,29,2,4.1588830833596715,107.5,1,,
11154,8578,0,1,4.2,451.5,83,73,218,1422,6,7,2,1.791759469228055,107.5,0,,
9756,5006,1,0,3.7,73.0,56,40,266,1219,2,12,2,3.5263605246161616,19.72972972972973,0,,
954,4068,1,0,4.3,193.0,46,78,2300,2667,4,18,2,3.7612001156935624,44.88372093023256,0,,
7553,6086,1,0,2.7,21.0,76,87,266,2650,4,28,1,3.6109179126442243,7.777777777777778,0,,
8038,3086,0,0,3.6,54.0,46,78,1384,2020,4,17,2,3.9318256327243257,15.0,1,,
3515,5497,1,0,2.9,67.0,0,27,1973,2303,4,17,1,3.5263605246161616,23.10344827586207,0,,
5912,7897,1,1,4.0,178.0,36,27,489,40,2,14,2,0.0,44.5,0,,
9215,4796,1,1,3.2,426.0,19,27,53,1943,4,8,1,4.23410650459726,133.125,1,,
4100,8015,0,0,4.1,71.0,36,27,2273,1525,4,14,2,4.110873864173311,17.31707317073171,1,,
6928,5933,0,0,3.6,31.0,34,78,266,1898,4,29,2,3.9318256327243257,8.61111111111111,1,,
10811,100,0,0,3.7,73.0,62,92,266,1823,2,25,2,3.7612001156935624,19.72972972972973,0,,
7762,7355,0,0,3.7,73.0,43,0,266,271,3,16,2,3.5263605246161616,19.72972972972973,0,,
865,6282,0,0,3.7,73.0,42,78,266,1823,4,17,2,2.995732273553991,19.72972972972973,0,,
3630,733,1,0,3.6,42.0,0,19,2160,667,2,18,2,4.110873864173311,11.666666666666666,1,,
8736,7977,0,1,3.7,151.0,32,60,3074,1825,2,3,2,1.9459101490553132,40.81081081081081,0,,
212,4761,1,0,3.8,451.5,22,78,1711,556,2,16,2,4.02535169073515,118.81578947368422,1,,
9809,7459,0,0,3.4,6.0,89,92,266,1196,2,29,1,3.6109179126442243,1.7647058823529411,0,,
7961,7965,1,0,3.7,17.0,44,92,266,397,2,19,2,3.9318256327243257,4.594594594594595,1,,
9763,8623,1,0,3.9,164.0,74,78,2991,987,4,24,2,3.7612001156935624,42.05128205128205,0,,
481,4180,1,0,3.8,36.0,41,78,266,1619,2,17,2,3.7612001156935624,9.473684210526317,0,,
846,1052,1,0,3.6,66.0,56,78,5125,1865,2,23,2,4.110873864173311,18.333333333333332,1,,
4996,2116,0,0,3.7,73.0,0,78,266,2561,4,17,2,3.7612001156935624,19.72972972972973,0,,
2517,8298,1,0,3.5,10.0,89,39,266,1848,2,6,1,3.9512437185814275,2.857142857142857,1,,
8597,4287,0,0,3.7,73.0,29,39,266,2118,2,12,2,3.9318256327243257,19.72972972972973,1,,
3654,2302,1,0,3.7,217.0,90,78,3821,2330,2,3,2,4.204692619390966,58.648648648648646,1,,
5920,4208,0,0,3.5,6.0,16,0,266,280,2,18,1,3.7612001156935624,1.7142857142857142,0,,
6982,6691,0,0,3.5,8.0,0,27,266,1835,2,19,1,4.1588830833596715,2.2857142857142856,1,,
5088,5128,0,1,4.2,451.5,27,28,42,67,6,25,2,4.204692619390966,107.5,1,,
2030,5043,0,0,3.8,14.0,46,78,266,889,4,16,2,3.8066624897703196,3.68421052631579,0,,
8791,5976,1,1,3.6,24.0,36,27,266,1693,2,14,2,4.219507705176107,6.666666666666666,1,,
2015,7319,1,0,4.3,451.5,76,43,499,1497,2,10,2,4.02535169073515,105.0,1,,
6191,2204,1,1,3.8,362.0,32,27,2325,496,0,13,2,4.110873864173311,95.26315789473685,1,,
7492,8603,0,0,2.6,26.0,37,19,266,708,4,14,1,4.110873864173311,10.0,1,,
814,223,0,1,4.1,451.5,27,8,2751,1153,6,25,2,1.791759469228055,110.1219512195122,0,,
5749,3207,0,0,3.7,73.0,24,78,266,1256,2,15,2,2.995732273553991,19.72972972972973,0,,
2203,3502,1,0,3.6,221.0,0,27,369,488,4,17,2,4.110873864173311,61.388888888888886,1,,
6280,794,0,0,3.7,73.0,60,78,266,2628,4,24,2,2.772588722239781,19.72972972972973,0,,
7604,6599,1,0,3.9,420.0,0,27,4692,175,2,0,2,4.204692619390966,107.6923076923077,1,,
4998,2587,1,0,3.3,239.0,60,78,2710,1922,2,22,1,3.9318256327243257,72.42424242424242,1,,
10843,4705,1,0,3.7,77.0,20,78,4580,1823,4,21,2,3.7612001156935624,20.81081081081081,0,,
5484,5753,0,0,3.8,46.0,5,3,3821,271,3,26,2,3.5263605246161616,12.105263157894738,0,,
4635,101,1,0,2.8,213.0,62,39,3821,2325,2,16,1,3.7612001156935624,76.07142857142857,0,,
2769,1355,1,0,3.9,48.0,60,19,1880,775,4,24,2,4.110873864173311,12.307692307692308,1,,
3147,1106,0,0,3.3,7.0,18,78,266,908,2,16,1,3.6109179126442243,2.121212121212121,0,,
4994,4419,1,0,4.2,106.0,25,78,3547,399,4,17,2,3.7612001156935624,25.238095238095237,0,,
1501,7213,0,0,3.7,73.0,52,78,266,2651,2,27,2,3.7612001156935624,19.72972972972973,0,,
7729,477,0,0,3.3,6.0,56,78,266,2555,4,23,1,3.8066624897703196,1.8181818181818183,0,,
5755,2069,1,0,3.8,208.0,3,27,1064,409,4,0,2,4.1588830833596715,54.73684210526316,1,,
129,4499,1,0,3.8,29.0,22,92,266,2109,2,10,2,4.110873864173311,7.631578947368421,1,,
2137,4243,1,0,3.7,110.0,3,27,2653,57,2,2,2,4.204692619390966,29.72972972972973,1,,
7737,2539,0,0,2.9,12.0,46,19,266,774,4,16,1,4.02535169073515,4.137931034482759,1,,
8316,4029,1,0,3.2,31.0,8,78,266,1662,2,7,1,3.5263605246161616,9.6875,0,,
5277,383,0,0,3.7,73.0,79,78,266,403,2,20,2,3.6109179126442243,19.72972972972973,0,,
7193,497,0,0,3.7,73.0,6,80,266,1281,2,28,2,4.204692619390966,19.72972972972973,1,,
8290,8207,1,0,3.7,69.0,19,78,266,1615,2,8,2,3.6109179126442243,18.64864864864865,0,,
1854,5057,1,0,3.2,7.0,60,78,266,2077,4,24,1,3.9318256327243257,2.1875,1,,
1836,2465,0,0,3.3,4.0,90,78,266,865,4,19,1,4.02535169073515,1.2121212121212122,1,,
10017,1551,1,0,4.2,9.0,0,78,266,2647,2,12,2,3.6109179126442243,2.142857142857143,0,,
5124,3964,0,0,3.7,73.0,20,0,266,271,3,7,2,3.9318256327243257,19.72972972972973,1,,
6830,3060,1,0,3.8,100.0,0,19,516,772,4,0,2,4.1588830833596715,26.315789473684212,1,,
10534,4528,0,0,3.3,4.0,6,78,266,1256,4,4,1,3.7612001156935624,1.2121212121212122,0,,
9108,3850,0,0,3.5,6.0,0,78,266,1256,4,16,1,3.9318256327243257,1.7142857142857142,1,,
4951,3949,1,0,3.1,18.0,0,27,266,1636,2,18,1,4.1588830833596715,5.806451612903226,1,,
6698,865,1,0,4.9,451.5,8,40,1617,1194,2,9,2,3.9318256327243257,92.14285714285714,1,,
7988,305,1,0,3.8,260.0,0,27,1017,67,2,17,2,4.02535169073515,68.42105263157895,1,,
1690,4170,1,0,3.1,91.0,56,78,266,2207,2,23,1,3.5263605246161616,29.35483870967742,0,,
8572,3506,1,0,4.0,451.5,19,78,1014,1476,2,8,2,3.9318256327243257,112.875,1,,
1829,8126,0,0,3.7,73.0,36,0,266,260,3,15,2,3.5263605246161616,19.72972972972973,0,,
2146,5582,0,0,3.7,73.0,60,65,266,330,2,24,2,3.7612001156935624,19.72972972972973,0,,
10122,1537,0,0,3.7,73.0,37,78,266,2539,4,14,2,2.995732273553991,19.72972972972973,0,,
5735,7244,0,0,3.8,28.0,55,88,266,1760,3,22,2,3.7612001156935624,7.36842105263158,0,,
10929,8421,0,0,3.7,73.0,19,78,266,174,2,8,2,3.9318256327243257,19.72972972972973,1,,
10704,6137,0,0,3.7,73.0,6,20,266,263,3,29,2,0.0,19.72972972972973,0,,
7541,6657,1,0,3.7,73.0,19,14,266,1582,2,8,2,3.5263605246161616,19.72972972972973,0,,
8664,3735,0,0,3.6,14.0,80,39,266,1458,2,11,2,3.7612001156935624,3.888888888888889,0,,
11006,900,0,0,3.7,73.0,56,78,266,1880,2,6,2,4.110873864173311,19.72972972972973,1,,
1590,6423,1,0,3.7,67.0,0,78,2448,2503,4,17,2,3.7612001156935624,18.10810810810811,0,,
9600,4420,0,0,3.6,7.0,52,26,266,708,2,5,2,3.5263605246161616,1.9444444444444444,0,,
3449,5567,0,1,4.5,200.0,76,10,1488,1430,6,28,2,2.639057329615259,44.44444444444444,0,,
4743,2309,0,0,3.2,10.0,78,78,266,403,4,5,1,3.5263605246161616,3.125,0,,
3980,7414,0,0,3.7,73.0,3,27,266,1898,2,2,2,4.127134385045092,19.72972972972973,1,,
5486,851,1,0,4.2,174.0,46,19,838,579,2,0,2,4.110873864173311,41.42857142857142,1,,
8569,3641,0,1,3.9,312.0,70,49,4450,2112,0,21,2,3.2188758248682006,80.0,0,,
3653,4457,0,1,4.0,451.5,16,62,1762,1171,5,16,2,2.3978952727983707,112.875,0,,
493,3045,0,0,3.7,73.0,36,78,266,2463,4,15,2,3.7612001156935624,19.72972972972973,0,,
471,2551,1,0,4.0,53.0,1,39,2868,1742,2,13,2,4.110873864173311,13.25,1,,
1022,7706,0,0,3.8,63.0,0,19,655,579,4,19,2,4.02535169073515,16.578947368421055,1,,
6112,4043,0,1,4.2,451.5,29,27,2535,2351,4,2,2,1.3862943611198906,107.5,0,,
11390,685,1,0,3.3,8.0,0,0,266,271,2,2,1,3.9318256327243257,2.4242424242424243,1,,
9476,4746,0,0,3.6,194.0,9,78,3472,944,4,23,2,3.6109179126442243,53.888888888888886,0,,
2625,981,1,0,3.8,209.0,0,26,575,625,2,16,2,3.9318256327243257,55.0,1,,
8909,5773,1,0,4.3,451.5,28,19,648,710,1,27,2,4.204692619390966,105.0,1,,
9607,591,1,0,4.0,115.0,0,78,2807,944,2,19,2,3.9318256327243257,28.75,1,,
7559,1998,1,0,3.1,4.0,89,92,266,94,2,29,1,3.6109179126442243,1.2903225806451613,0,,
4784,2490,1,0,3.9,441.0,0,78,4240,1881,4,0,2,4.02535169073515,113.07692307692308,1,,
5552,805,1,0,3.8,66.0,45,27,4864,149,4,19,2,4.204692619390966,17.36842105263158,1,,
3951,3560,1,1,4.2,451.5,9,27,2393,1839,4,6,2,4.1588830833596715,107.5,1,,
567,4207,0,0,3.8,451.5,45,27,123,67,4,17,2,4.127134385045092,118.81578947368422,1,,
4139,5686,1,0,3.5,15.0,41,78,266,1823,2,19,1,3.9318256327243257,4.285714285714286,1,,
8917,7067,0,0,3.4,6.0,82,78,266,57,4,25,1,3.9318256327243257,1.7647058823529411,1,,
10940,4326,0,0,3.7,73.0,2,14,266,352,2,14,2,2.995732273553991,19.72972972972973,0,,
3360,466,0,0,3.7,73.0,60,78,266,57,2,22,2,3.9318256327243257,19.72972972972973,1,,
4640,1697,1,0,2.7,37.0,59,78,266,530,2,15,1,2.995732273553991,13.703703703703702,0,,
10112,1928,0,0,3.7,73.0,2,81,266,579,2,14,2,2.995732273553991,19.72972972972973,0,,
5066,4205,0,0,3.9,87.0,36,40,1921,1200,2,14,2,3.7612001156935624,22.307692307692307,0,,
3835,7153,1,0,3.6,42.0,0,78,266,1256,4,17,2,3.9318256327243257,11.666666666666666,1,,
9697,3686,0,0,3.7,57.0,81,27,2689,1898,4,7,2,4.1588830833596715,15.405405405405405,1,,
6639,7991,1,0,3.0,8.0,5,17,266,356,2,26,1,3.9318256327243257,2.6666666666666665,1,,
7304,2229,1,0,4.1,131.0,22,27,3153,1823,4,10,2,4.127134385045092,31.951219512195124,1,,
5328,3867,1,0,3.7,65.0,29,78,266,1616,2,2,2,3.9318256327243257,17.56756756756757,1,,
6828,3883,0,0,3.8,263.0,27,92,1971,813,2,21,2,4.1588830833596715,69.21052631578948,1,,
5366,2124,0,0,3.4,11.0,14,78,266,2656,4,7,1,2.995732273553991,3.235294117647059,0,,
129,4499,1,0,3.8,29.0,22,92,266,2109,2,4,2,4.110873864173311,7.631578947368421,1,,
481,4180,1,0,3.8,36.0,41,78,266,1619,2,19,2,3.7612001156935624,9.473684210526317,0,,
10065,2722,1,0,3.4,25.0,3,27,266,1898,4,19,1,4.110873864173311,7.352941176470589,1,,
2616,524,1,0,3.8,18.0,41,78,266,1662,4,16,2,3.5263605246161616,4.736842105263158,0,,
3304,3719,0,0,3.6,10.0,27,0,266,260,2,11,2,3.6109179126442243,2.7777777777777777,0,,
10796,28,0,0,3.3,4.0,62,39,266,260,2,25,1,4.1588830833596715,1.2121212121212122,1,,
9581,1644,0,0,3.6,19.0,89,60,266,2049,5,29,2,1.791759469228055,5.277777777777778,0,,
4348,6098,1,0,3.8,41.0,83,78,266,356,2,5,2,3.6109179126442243,10.789473684210527,0,,
5294,647,0,1,4.3,451.5,41,73,4846,1415,5,19,2,1.3862943611198906,105.0,0,,
9459,4218,0,0,3.7,73.0,41,78,266,1898,2,17,2,3.5263605246161616,19.72972972972973,0,,
3754,6640,1,0,3.5,221.0,0,90,866,1756,2,2,1,3.9318256327243257,63.142857142857146,1,,
3901,7778,1,0,3.4,9.0,0,78,266,282,2,16,1,4.110873864173311,2.6470588235294117,1,,
4454,3715,0,0,3.4,8.0,48,78,266,425,2,17,1,3.7612001156935624,2.3529411764705883,0,,
7138,3125,1,0,3.7,73.0,32,0,266,260,3,13,2,2.995732273553991,19.72972972972973,0,,
10889,6152,1,0,3.7,160.0,15,27,3293,981,2,20,2,4.1588830833596715,43.24324324324324,1,,
4014,3849,1,0,4.0,451.5,56,78,4469,2287,4,23,2,2.995732273553991,112.875,0,,
6864,1221,1,0,3.8,25.0,44,0,266,271,3,18,2,3.7612001156935624,6.578947368421053,0,,
11452,3523,0,1,4.1,451.5,52,36,1542,1009,5,7,2,3.4965075614664802,110.1219512195122,0,,
3826,4906,1,0,4.3,451.5,29,78,3243,1000,2,12,2,3.7612001156935624,105.0,0,,
5702,1696,0,0,3.4,6.0,2,78,266,1256,4,14,1,3.7612001156935624,1.7647058823529411,0,,
172,186,1,0,3.3,13.0,7,27,266,1888,2,17,1,4.1588830833596715,3.9393939393939394,1,,
1738,1731,1,1,4.2,271.0,89,27,5232,190,2,29,2,2.302585092994046,64.52380952380952,0,,
1880,88,1,0,4.1,41.0,12,40,3320,1219,2,7,2,2.995732273553991,10.0,0,,
7802,6048,0,0,3.3,6.0,2,27,266,944,2,14,1,4.02535169073515,1.8181818181818183,1,,
5595,3007,0,0,4.0,451.5,8,73,210,1898,6,7,2,1.0986122886681096,112.875,0,,
9513,24,0,0,3.6,15.0,32,27,266,1009,4,3,2,0.0,4.166666666666667,0,,
1351,3408,1,0,3.2,30.0,24,78,266,1898,4,14,1,3.7612001156935624,9.375,0,,
8008,7360,1,0,3.6,21.0,56,78,266,75,2,4,2,3.7612001156935624,5.833333333333333,0,,
6617,8542,1,0,4.1,96.0,45,19,986,645,4,18,2,4.110873864173311,23.414634146341466,1,,
7125,7340,0,0,3.2,4.0,3,78,266,2555,4,2,1,3.9318256327243257,1.25,1,,
980,1077,1,0,3.6,43.0,9,78,266,1922,2,23,2,3.7612001156935624,11.944444444444445,0,,
4690,2806,0,0,3.6,36.0,4,27,266,1898,4,3,2,4.23410650459726,10.0,1,,
3040,5221,1,0,3.5,24.0,83,78,266,1644,2,5,1,3.7612001156935624,6.857142857142857,0,,
9644,8069,1,0,4.0,109.0,6,19,4444,730,1,28,2,3.9318256327243257,27.25,1,,
6445,1025,0,0,3.3,4.0,27,78,266,403,4,11,1,3.6109179126442243,1.2121212121212122,0,,
2744,6163,0,0,3.7,73.0,2,78,266,1898,2,15,2,3.7612001156935624,19.72972972972973,0,,
8075,7587,0,0,3.6,22.0,16,27,266,1898,2,11,2,4.110873864173311,6.111111111111111,1,,
1524,1340,0,0,3.6,22.0,0,19,266,708,1,0,2,4.02535169073515,6.111111111111111,1,,
8731,1540,0,0,3.6,54.0,46,17,2265,2683,1,19,2,3.6109179126442243,15.0,0,,
7080,7321,0,0,3.7,73.0,0,78,266,2631,4,17,2,2.995732273553991,19.72972972972973,0,,
2207,5268,1,0,3.4,23.0,36,27,266,1898,2,15,1,4.04305126783455,6.764705882352941,1,,
1254,7643,1,0,3.3,5.0,8,78,266,356,2,5,1,3.9318256327243257,1.5151515151515151,1,,
3856,8241,1,1,4.5,451.5,47,27,3932,1570,4,17,2,2.302585092994046,100.33333333333333,0,,
2303,3709,1,0,3.5,35.0,32,78,266,461,2,19,1,3.6109179126442243,10.0,0,,
8055,6145,1,0,3.7,73.0,0,78,266,836,2,19,2,3.9318256327243257,19.72972972972973,1,,
2502,7693,1,0,3.6,24.0,47,39,266,2559,2,17,2,4.02535169073515,6.666666666666666,1,,
4746,2640,1,0,3.7,52.0,89,39,2671,1823,2,6,2,3.8066624897703196,14.054054054054053,0,,
1025,2376,1,0,3.8,19.0,47,27,266,2334,4,19,2,3.9318256327243257,5.0,1,,
9385,2137,1,0,3.8,54.0,56,78,1875,2159,4,23,2,3.9318256327243257,14.210526315789474,1,,
9343,1482,0,0,3.6,219.0,33,78,908,2628,2,25,2,2.995732273553991,60.83333333333333,0,,
8707,2397,1,0,3.2,20.0,29,27,266,2232,2,12,1,4.1588830833596715,6.25,1,,
1177,1157,1,0,3.7,73.0,29,78,266,343,4,12,2,3.6109179126442243,19.72972972972973,0,,
